1781921970201,Executor1,Stage1-1-0,0,0,0,0,0,0,0,0
1781921970201,Executor0,Stage0-0-0,0,0,0,0,0,0,0,0
1781921970201,Executor0,Stage0-1-0,0,0,0,0,0,0,0,0
1781921970201,Executor0,Stage0-2-0,0,0,0,0,0,0,0,0
1781921970201,Executor0,Stage0-3-0,0,0,0,0,0,0,0,0
1781921970604,Executor1,Stage1-2-0,0,0,0,0,0,0,0,0
1781921970615,Executor0,Stage0-0-0,0,0,0,0,0,0,0,0
1781921970615,Executor0,Stage0-1-0,0,0,0,0,0,0,0,0
1781921970615,Executor0,Stage0-2-0,0,0,0,0,0,0,0,0
1781921970615,Executor0,Stage0-3-0,0,0,0,0,0,0,0,0
1781921971201,Executor1,Stage1-1-0,0,0,0,0,0,0,0,0
1781921971201,Executor0,Stage0-0-0,0,0,0,0,0,0,0,0
1781921971201,Executor0,Stage0-1-0,0,0,0,0,0,0,0,0
1781921971201,Executor0,Stage0-2-0,0,0,0,0,0,0,0,0
1781921971201,Executor0,Stage0-3-0,0,0,0,0,0,0,0,0
1781921971604,Executor1,Stage1-2-0,0,0,0,0,0,0,0,0
1781921971615,Executor0,Stage0-0-0,0,0,0,0,0,0,0,0
1781921971615,Executor0,Stage0-1-0,0,0,0,0,0,0,0,0
1781921971615,Executor0,Stage0-2-0,0,0,0,0,0,0,0,0
1781921971615,Executor0,Stage0-3-0,0,0,0,0,0,0,0,0
1781921972201,Executor1,Stage1-1-0,0,0,0,0,0,0,0,0
1781921972201,Executor0,Stage0-0-0,0,0,0,0,0,0,0,0
1781921972201,Executor0,Stage0-1-0,0,0,0,0,0,0,0,0
1781921972201,Executor0,Stage0-2-0,0,0,0,0,0,0,0,0
1781921972201,Executor0,Stage0-3-0,0,0,0,0,0,0,0,0
1781921972604,Executor1,Stage1-2-0,0,0,0,0,0,0,0,0
1781921972615,Executor0,Stage0-0-0,0,0,0,0,0,0,0,0
1781921972615,Executor0,Stage0-1-0,0,0,0,0,0,0,0,0
1781921972615,Executor0,Stage0-2-0,0,0,0,0,0,0,0,0
1781921972615,Executor0,Stage0-3-0,0,0,0,0,0,0,0,0
1781921973201,Executor1,Stage1-1-0,0,0,0,0,0,0,0,0
1781921973201,Executor0,Stage0-0-0,0,0,0,0,0,0,0,0
1781921973201,Executor0,Stage0-1-0,0,0,0,0,0,0,0,0
1781921973201,Executor0,Stage0-2-0,0,0,0,0,0,0,0,0
1781921973201,Executor0,Stage0-3-0,0,0,0,0,0,0,0,0
1781921973605,Executor1,Stage1-2-0,0,0,0,0,0,0,0,0
1781921973615,Executor0,Stage0-0-0,0,0,0,0,0,0,0,0
1781921973615,Executor0,Stage0-1-0,0,0,0,0,0,0,0,0
1781921973615,Executor0,Stage0-2-0,0,0,0,0,0,0,0,0
1781921973615,Executor0,Stage0-3-0,0,0,0,0,0,0,0,0
1781921974201,Executor1,Stage1-1-0,0,0,0,0,0,0,0,0
1781921974201,Executor0,Stage0-0-0,0,0,0,0,0,0,0,0
1781921974201,Executor0,Stage0-1-0,0,0,0,0,0,0,0,0
1781921974201,Executor0,Stage0-2-0,0,0,0,0,0,0,0,0
1781921974201,Executor0,Stage0-3-0,0,0,0,0,0,0,0,0
1781921974604,Executor1,Stage1-2-0,0,0,0,0,0,0,0,0
1781921974615,Executor0,Stage0-0-0,0,0,0,0,0,0,0,0
1781921974615,Executor0,Stage0-1-0,0,0,0,0,0,0,0,0
1781921974615,Executor0,Stage0-2-0,0,0,0,0,0,0,0,0
1781921974615,Executor0,Stage0-3-0,0,0,0,0,0,0,0,0
1781921975201,Executor0,Stage0-0-0,0,0,0,0,0,0,0,0
1781921975201,Executor0,Stage0-1-0,0,0,0,0,0,0,0,0
1781921975201,Executor0,Stage0-2-0,0,0,0,0,0,0,0,0
1781921975201,Executor0,Stage0-3-0,0,0,0,0,0,0,0,0
1781921975201,Executor1,Stage1-1-0,0,0,0,0,0,0,0,0
1781921975604,Executor1,Stage1-2-0,0,0,0,0,0,0,0,0
1781921975615,Executor0,Stage0-0-0,0,0,0,0,0,0,0,0
1781921975615,Executor0,Stage0-1-0,0,0,0,0,0,0,0,0
1781921975615,Executor0,Stage0-2-0,0,0,0,0,0,0,0,0
1781921975615,Executor0,Stage0-3-0,0,0,0,0,0,0,0,0
1781921976201,Executor1,Stage1-1-0,0,0,0,0,0,0,0,0
1781921976201,Executor0,Stage0-0-0,0,0,0,0,0,0,0,0
1781921976201,Executor0,Stage0-1-0,0,0,0,0,0,0,0,0
1781921976201,Executor0,Stage0-2-0,0,0,0,0,0,0,0,0
1781921976201,Executor0,Stage0-3-0,0,0,0,0,0,0,0,0
1781921976605,Executor1,Stage1-2-0,0,0,0,0,0,0,0,0
1781921976615,Executor0,Stage0-0-0,0,0,0,0,0,0,0,0
1781921976615,Executor0,Stage0-1-0,0,0,0,0,0,0,0,0
1781921976615,Executor0,Stage0-2-0,0,0,0,0,0,0,0,0
1781921976615,Executor0,Stage0-3-0,0,0,0,0,0,0,0,0
1781921977201,Executor1,Stage1-1-0,0,0,0,0,0,0,0,0
1781921977201,Executor0,Stage0-0-0,0,0,0,0,0,0,0,0
1781921977201,Executor0,Stage0-1-0,0,0,0,0,0,0,0,0
1781921977201,Executor0,Stage0-2-0,0,0,0,0,0,0,0,0
1781921977201,Executor0,Stage0-3-0,0,0,0,0,0,0,0,0
1781921977604,Executor1,Stage1-2-0,0,0,0,0,0,0,0,0
1781921977615,Executor0,Stage0-0-0,0,0,0,0,0,0,0,0
1781921977615,Executor0,Stage0-1-0,0,0,0,0,0,0,0,0
1781921977615,Executor0,Stage0-2-0,0,0,0,0,0,0,0,0
1781921977615,Executor0,Stage0-3-0,0,0,0,0,0,0,0,0
1781921978201,Executor1,Stage1-1-0,0,0,0,0,0,0,0,0
1781921978201,Executor0,Stage0-0-0,0,0,0,0,0,0,0,0
1781921978201,Executor0,Stage0-1-0,0,0,0,0,0,0,0,0
1781921978201,Executor0,Stage0-2-0,0,0,0,0,0,0,0,0
1781921978201,Executor0,Stage0-3-0,0,0,0,0,0,0,0,0
1781921978604,Executor1,Stage1-2-0,0,0,0,0,0,0,0,0
1781921978615,Executor0,Stage0-0-0,0,0,0,0,0,0,0,0
1781921978615,Executor0,Stage0-1-0,0,0,0,0,0,0,0,0
1781921978615,Executor0,Stage0-2-0,0,0,0,0,0,0,0,0
1781921978615,Executor0,Stage0-3-0,0,0,0,0,0,0,0,0
1781921979201,Executor0,Stage0-0-0,0,0,0,0,0,0,0,0
1781921979201,Executor0,Stage0-1-0,0,0,0,0,0,0,0,0
1781921979201,Executor0,Stage0-2-0,0,0,0,0,0,0,0,0
1781921979201,Executor0,Stage0-3-0,0,0,0,0,0,0,0,0
1781921979201,Executor1,Stage1-1-0,0,0,0,0,0,0,0,0
1781921979605,Executor1,Stage1-2-0,0,0,0,0,0,0,0,0
1781921979615,Executor0,Stage0-0-0,0,0,0,0,0,0,0,0
1781921979615,Executor0,Stage0-1-0,0,0,0,0,0,0,0,0
1781921979615,Executor0,Stage0-2-0,0,0,0,0,0,0,0,0
1781921979615,Executor0,Stage0-3-0,0,0,0,0,0,0,0,0
1781921980201,Executor0,Stage0-0-0,0,0,0,0,0,0,0,0
1781921980201,Executor0,Stage0-1-0,0,0,0,0,0,0,0,0
1781921980201,Executor0,Stage0-2-0,0,0,0,0,0,0,0,0
1781921980201,Executor0,Stage0-3-0,0,0,0,0,0,0,0,0
1781921980201,Executor1,Stage1-1-0,0,0,0,0,0,0,0,0
1781921980605,Executor1,Stage1-2-0,0,0,0,0,0,0,0,0
1781921980615,Executor0,Stage0-0-0,0,0,0,0,0,0,0,0
1781921980615,Executor0,Stage0-1-0,0,0,0,0,0,0,0,0
1781921980615,Executor0,Stage0-2-0,0,0,0,0,0,0,0,0
1781921980615,Executor0,Stage0-3-0,0,0,0,0,0,0,0,0
1781921981201,Executor0,Stage0-0-0,0,0,0,0,0,0,0,0
1781921981201,Executor0,Stage0-1-0,0,0,0,0,0,0,0,0
1781921981201,Executor0,Stage0-2-0,0,0,0,0,0,0,0,0
1781921981201,Executor0,Stage0-3-0,0,0,0,0,0,0,0,0
1781921981201,Executor1,Stage1-1-0,0,0,0,0,0,0,0,0
1781921981605,Executor1,Stage1-2-0,0,0,0,0,0,0,0,0
1781921981615,Executor0,Stage0-0-0,0,0,0,0,0,0,0,0
1781921981615,Executor0,Stage0-1-0,0,0,0,0,0,0,0,0
1781921981615,Executor0,Stage0-2-0,0,0,0,0,0,0,0,0
1781921981615,Executor0,Stage0-3-0,0,0,0,0,0,0,0,0
1781921982201,Executor0,Stage0-0-0,0,0,0,0,0,0,0,0
1781921982201,Executor0,Stage0-1-0,0,0,0,0,0,0,0,0
1781921982201,Executor0,Stage0-2-0,0,0,0,0,0,0,0,0
1781921982201,Executor0,Stage0-3-0,0,0,0,0,0,0,0,0
1781921982201,Executor1,Stage1-1-0,0,0,0,0,0,0,0,0
1781921982604,Executor1,Stage1-2-0,0,0,0,0,0,0,0,0
1781921982615,Executor0,Stage0-0-0,0,0,0,0,0,0,0,0
1781921982615,Executor0,Stage0-1-0,0,0,0,0,0,0,0,0
1781921982615,Executor0,Stage0-2-0,0,0,0,0,0,0,0,0
1781921982615,Executor0,Stage0-3-0,0,0,0,0,0,0,0,0
1781921983201,Executor0,Stage0-0-0,0,0,0,0,0,0,0,0
1781921983201,Executor0,Stage0-1-0,0,0,0,0,0,0,0,0
1781921983201,Executor0,Stage0-2-0,0,0,0,0,0,0,0,0
1781921983201,Executor0,Stage0-3-0,0,0,0,0,0,0,0,0
1781921983201,Executor1,Stage1-1-0,0,0,0,0,0,0,0,0
1781921983604,Executor1,Stage1-2-0,0,0,0,0,0,0,0,0
1781921983615,Executor0,Stage0-0-0,0,0,0,0,0,0,0,0
1781921983615,Executor0,Stage0-1-0,0,0,0,0,0,0,0,0
1781921983615,Executor0,Stage0-2-0,0,0,0,0,0,0,0,0
1781921983615,Executor0,Stage0-3-0,0,0,0,0,0,0,0,0
1781921984201,Executor1,Stage1-1-0,0,0,0,0,0,0,0,0
1781921984202,Executor0,Stage0-0-0,0,0,0,0,0,0,0,0
1781921984202,Executor0,Stage0-1-0,0,0,0,0,0,0,0,0
1781921984202,Executor0,Stage0-2-0,0,0,0,0,0,0,0,0
1781921984202,Executor0,Stage0-3-0,0,0,0,0,0,0,0,0
1781921984604,Executor1,Stage1-2-0,0,0,0,0,0,0,0,0
1781921984615,Executor0,Stage0-0-0,0,0,0,0,0,0,0,0
1781921984615,Executor0,Stage0-1-0,0,0,0,0,0,0,0,0
1781921984615,Executor0,Stage0-2-0,0,0,0,0,0,0,0,0
1781921984615,Executor0,Stage0-3-0,0,0,0,0,0,0,0,0
1781921985201,Executor0,Stage0-0-0,0,0,0,0,0,0,0,0
1781921985201,Executor0,Stage0-1-0,0,0,0,0,0,0,0,0
1781921985201,Executor0,Stage0-2-0,0,0,0,0,0,0,0,0
1781921985201,Executor0,Stage0-3-0,0,0,0,0,0,0,0,0
1781921985201,Executor1,Stage1-1-0,0,0,0,0,0,0,0,0
1781921985604,Executor1,Stage1-2-0,0,0,0,0,0,0,0,0
1781921985615,Executor0,Stage0-0-0,0,0,0,0,0,0,0,0
1781921985615,Executor0,Stage0-1-0,0,0,0,0,0,0,0,0
1781921985615,Executor0,Stage0-2-0,0,0,0,0,0,0,0,0
1781921985615,Executor0,Stage0-3-0,0,0,0,0,0,0,0,0
1781921986201,Executor1,Stage1-1-0,0,0,0,0,0,0,0,0
1781921986201,Executor0,Stage0-0-0,0,0,0,0,0,0,0,0
1781921986201,Executor0,Stage0-1-0,0,0,0,0,0,0,0,0
1781921986201,Executor0,Stage0-2-0,0,0,0,0,0,0,0,0
1781921986201,Executor0,Stage0-3-0,0,0,0,0,0,0,0,0
1781921986605,Executor1,Stage1-2-0,0,0,0,0,0,0,0,0
1781921986615,Executor0,Stage0-0-0,0,0,0,0,0,0,0,0
1781921986615,Executor0,Stage0-1-0,0,0,0,0,0,0,0,0
1781921986615,Executor0,Stage0-2-0,0,0,0,0,0,0,0,0
1781921986615,Executor0,Stage0-3-0,0,0,0,0,0,0,0,0
1781921987201,Executor1,Stage1-1-0,0,0,0,0,0,0,0,0
1781921987201,Executor0,Stage0-0-0,0,0,0,0,0,0,0,0
1781921987201,Executor0,Stage0-1-0,0,0,0,0,0,0,0,0
1781921987201,Executor0,Stage0-2-0,0,0,0,0,0,0,0,0
1781921987201,Executor0,Stage0-3-0,0,0,0,0,0,0,0,0
1781921987604,Executor1,Stage1-2-0,0,0,0,0,0,0,0,0
1781921987615,Executor0,Stage0-0-0,0,0,0,0,0,0,0,0
1781921987615,Executor0,Stage0-1-0,0,0,0,0,0,0,0,0
1781921987615,Executor0,Stage0-2-0,0,0,0,0,0,0,0,0
1781921987615,Executor0,Stage0-3-0,0,0,0,0,0,0,0,0
1781921988201,Executor1,Stage1-1-0,0,0,0,0,0,0,0,0
1781921988201,Executor0,Stage0-0-0,0,0,0,0,0,0,0,0
1781921988201,Executor0,Stage0-1-0,0,0,0,0,0,0,0,0
1781921988201,Executor0,Stage0-2-0,0,0,0,0,0,0,0,0
1781921988201,Executor0,Stage0-3-0,0,0,0,0,0,0,0,0
1781921988604,Executor1,Stage1-2-0,0,0,0,0,0,0,0,0
1781921988615,Executor0,Stage0-0-0,0,0,0,0,0,0,0,0
1781921988615,Executor0,Stage0-1-0,0,0,0,0,0,0,0,0
1781921988615,Executor0,Stage0-2-0,0,0,0,0,0,0,0,0
1781921988615,Executor0,Stage0-3-0,0,0,0,0,0,0,0,0
1781921989201,Executor0,Stage0-0-0,0,0,0,0,0,0,0,0
1781921989201,Executor0,Stage0-1-0,0,0,0,0,0,0,0,0
1781921989201,Executor0,Stage0-2-0,0,0,0,0,0,0,0,0
1781921989201,Executor0,Stage0-3-0,0,0,0,0,0,0,0,0
1781921989201,Executor1,Stage1-1-0,0,0,0,0,0,0,0,0
1781921989604,Executor1,Stage1-2-0,0,0,0,0,0,0,0,0
1781921989615,Executor0,Stage0-0-0,0,0,0,0,0,0,0,0
1781921989615,Executor0,Stage0-1-0,0,0,0,0,0,0,0,0
1781921989615,Executor0,Stage0-2-0,0,0,0,0,0,0,0,0
1781921989615,Executor0,Stage0-3-0,0,0,0,0,0,0,0,0
1781921990201,Executor1,Stage1-1-0,0,0,0,0,0,0,0,0
1781921990201,Executor0,Stage0-0-0,0,0,0,0,0,0,0,0
1781921990201,Executor0,Stage0-1-0,0,0,0,0,0,0,0,0
1781921990201,Executor0,Stage0-2-0,0,0,0,0,0,0,0,0
1781921990201,Executor0,Stage0-3-0,0,0,0,0,0,0,0,0
1781921990605,Executor1,Stage1-2-0,0,0,0,0,0,0,0,0
1781921990615,Executor0,Stage0-0-0,0,0,0,0,0,0,0,0
1781921990615,Executor0,Stage0-1-0,0,0,0,0,0,0,0,0
1781921990615,Executor0,Stage0-2-0,0,0,0,0,0,0,0,0
1781921990615,Executor0,Stage0-3-0,0,0,0,0,0,0,0,0
1781921991202,Executor1,Stage1-1-0,0,0,0,0,0,0,0,0
1781921991202,Executor0,Stage0-0-0,0,0,0,0,0,0,0,0
1781921991202,Executor0,Stage0-1-0,0,0,0,0,0,0,0,0
1781921991202,Executor0,Stage0-2-0,0,0,0,0,0,0,0,0
1781921991202,Executor0,Stage0-3-0,0,0,0,0,0,0,0,0
1781921991604,Executor1,Stage1-2-0,0,0,0,0,0,0,0,0
1781921991615,Executor0,Stage0-0-0,0,0,0,0,0,0,0,0
1781921991615,Executor0,Stage0-1-0,0,0,0,0,0,0,0,0
1781921991615,Executor0,Stage0-2-0,0,0,0,0,0,0,0,0
1781921991615,Executor0,Stage0-3-0,0,0,0,0,0,0,0,0
1781921992201,Executor0,Stage0-0-0,0,0,0,0,0,0,0,0
1781921992201,Executor0,Stage0-1-0,0,0,0,0,0,0,0,0
1781921992201,Executor0,Stage0-2-0,0,0,0,0,0,0,0,0
1781921992201,Executor0,Stage0-3-0,0,0,0,0,0,0,0,0
1781921992201,Executor1,Stage1-1-0,0,0,0,0,0,0,0,0
1781921992604,Executor1,Stage1-2-0,0,0,0,0,0,0,0,0
1781921992615,Executor0,Stage0-0-0,0,0,0,0,0,0,0,0
1781921992615,Executor0,Stage0-1-0,0,0,0,0,0,0,0,0
1781921992615,Executor0,Stage0-2-0,0,0,0,0,0,0,0,0
1781921992615,Executor0,Stage0-3-0,0,0,0,0,0,0,0,0
1781921993201,Executor0,Stage0-0-0,0,0,0,0,0,0,0,0
1781921993201,Executor0,Stage0-1-0,0,0,0,0,0,0,0,0
1781921993201,Executor0,Stage0-2-0,0,0,0,0,0,0,0,0
1781921993201,Executor0,Stage0-3-0,0,0,0,0,0,0,0,0
1781921993201,Executor1,Stage1-1-0,0,0,0,0,0,0,0,0
1781921993604,Executor1,Stage1-2-0,0,0,0,0,0,0,0,0
1781921993615,Executor0,Stage0-0-0,0,0,0,0,0,0,0,0
1781921993615,Executor0,Stage0-1-0,0,0,0,0,0,0,0,0
1781921993615,Executor0,Stage0-2-0,0,0,0,0,0,0,0,0
1781921993615,Executor0,Stage0-3-0,0,0,0,0,0,0,0,0
1781921994201,Executor1,Stage1-1-0,0,0,0,0,0,0,0,0
1781921994201,Executor0,Stage0-0-0,0,0,0,0,0,0,0,0
1781921994201,Executor0,Stage0-1-0,0,0,0,0,0,0,0,0
1781921994201,Executor0,Stage0-2-0,0,0,0,0,0,0,0,0
1781921994201,Executor0,Stage0-3-0,0,0,0,0,0,0,0,0
1781921994605,Executor1,Stage1-2-0,0,0,0,0,0,0,0,0
1781921994615,Executor0,Stage0-0-0,0,0,0,0,0,0,0,0
1781921994615,Executor0,Stage0-1-0,0,0,0,0,0,0,0,0
1781921994615,Executor0,Stage0-2-0,0,0,0,0,0,0,0,0
1781921994615,Executor0,Stage0-3-0,0,0,0,0,0,0,0,0
1781921995201,Executor1,Stage1-1-0,0,0,0,0,0,0,0,0
1781921995201,Executor0,Stage0-0-0,0,0,0,0,0,0,0,0
1781921995201,Executor0,Stage0-1-0,0,0,0,0,0,0,0,0
1781921995201,Executor0,Stage0-2-0,0,0,0,0,0,0,0,0
1781921995201,Executor0,Stage0-3-0,0,0,0,0,0,0,0,0
1781921995604,Executor1,Stage1-2-0,0,0,0,0,0,0,0,0
1781921995615,Executor0,Stage0-0-0,0,0,0,0,0,0,0,0
1781921995615,Executor0,Stage0-1-0,0,0,0,0,0,0,0,0
1781921995615,Executor0,Stage0-2-0,0,0,0,0,0,0,0,0
1781921995615,Executor0,Stage0-3-0,0,0,0,0,0,0,0,0
1781921996201,Executor1,Stage1-1-0,0,0,0,0,0,0,0,0
1781921996201,Executor0,Stage0-0-0,0,0,0,0,0,0,0,0
1781921996201,Executor0,Stage0-1-0,0,0,0,0,0,0,0,0
1781921996201,Executor0,Stage0-2-0,0,0,0,0,0,0,0,0
1781921996201,Executor0,Stage0-3-0,0,0,0,0,0,0,0,0
1781921996604,Executor1,Stage1-2-0,0,0,0,0,0,0,0,0
1781921996615,Executor0,Stage0-0-0,0,0,0,0,0,0,0,0
1781921996615,Executor0,Stage0-1-0,0,0,0,0,0,0,0,0
1781921996615,Executor0,Stage0-2-0,0,0,0,0,0,0,0,0
1781921996615,Executor0,Stage0-3-0,0,0,0,0,0,0,0,0
1781921997201,Executor1,Stage1-1-0,0,0,0,0,0,0,0,0
1781921997201,Executor0,Stage0-0-0,0,0,0,0,0,0,0,0
1781921997201,Executor0,Stage0-1-0,0,0,0,0,0,0,0,0
1781921997201,Executor0,Stage0-2-0,0,0,0,0,0,0,0,0
1781921997201,Executor0,Stage0-3-0,0,0,0,0,0,0,0,0
1781921997604,Executor1,Stage1-2-0,0,0,0,0,0,0,0,0
1781921997615,Executor0,Stage0-0-0,0,0,0,0,0,0,0,0
1781921997615,Executor0,Stage0-1-0,0,0,0,0,0,0,0,0
1781921997615,Executor0,Stage0-2-0,0,0,0,0,0,0,0,0
1781921997615,Executor0,Stage0-3-0,0,0,0,0,0,0,0,0
1781921997623,nx-q0-nexmark-metrics-phase1-fix-20260619-211810-211905,Executor0,Stage0-0-0,0,0,0,0,0,0,0,0
1781921997623,nx-q0-nexmark-metrics-phase1-fix-20260619-211810-211905,Executor0,Stage0-1-0,0,0,0,0,0,0,0,0
1781921997623,nx-q0-nexmark-metrics-phase1-fix-20260619-211810-211905,Executor0,Stage0-2-0,0,0,0,0,0,0,0,0
1781921997623,nx-q0-nexmark-metrics-phase1-fix-20260619-211810-211905,Executor0,Stage0-3-0,0,0,0,0,0,0,0,0
1781921998201,Executor0,Stage0-0-0,0,0,0,0,0,0,0,0
1781921998201,Executor0,Stage0-1-0,0,0,0,0,0,0,0,0
1781921998201,Executor0,Stage0-2-0,0,0,0,0,0,0,0,0
1781921998201,Executor0,Stage0-3-0,0,0,0,0,0,0,0,0
1781921998201,Executor1,Stage1-1-0,0,0,0,0,0,0,0,0
1781921998604,Executor1,Stage1-2-0,0,0,0,0,0,0,0,0
1781921998615,Executor0,Stage0-0-0,0,0,0,0,0,0,0,0
1781921998615,Executor0,Stage0-1-0,0,0,0,0,0,0,0,0
1781921998615,Executor0,Stage0-2-0,0,0,0,0,0,0,0,0
1781921998615,Executor0,Stage0-3-0,0,0,0,0,0,0,0,0
1781921998623,nx-q0-nexmark-metrics-phase1-fix-20260619-211810-211905,Executor0,Stage0-0-0,0,24,24,930,0,0,1055,3036
1781921998623,nx-q0-nexmark-metrics-phase1-fix-20260619-211810-211905,Executor0,Stage0-1-0,0,24,24,1084,0,0,834,3202
1781921998623,nx-q0-nexmark-metrics-phase1-fix-20260619-211810-211905,Executor0,Stage0-2-0,0,26,26,1052,0,0,864,4150
1781921998623,nx-q0-nexmark-metrics-phase1-fix-20260619-211810-211905,Executor0,Stage0-3-0,0,26,26,943,0,0,1021,3833
1781921998715,nx-q0-nexmark-metrics-phase1-fix-20260619-211810-211905,Executor1,Stage1-2-0,0,23,0,159748,14520,2850,0,0
1781921999201,Executor0,Stage0-0-0,0,0,0,0,0,0,0,0
1781921999201,Executor0,Stage0-1-0,0,0,0,0,0,0,0,0
1781921999201,Executor0,Stage0-2-0,0,0,0,0,0,0,0,0
1781921999201,Executor0,Stage0-3-0,0,0,0,0,0,0,0,0
1781921999201,Executor1,Stage1-1-0,0,0,0,0,0,0,0,0
1781921999604,Executor1,Stage1-2-0,0,0,0,0,0,0,0,0
1781921999615,Executor0,Stage0-0-0,0,0,0,0,0,0,0,0
1781921999615,Executor0,Stage0-1-0,0,0,0,0,0,0,0,0
1781921999615,Executor0,Stage0-2-0,0,0,0,0,0,0,0,0
1781921999615,Executor0,Stage0-3-0,0,0,0,0,0,0,0,0
1781921999623,nx-q0-nexmark-metrics-phase1-fix-20260619-211810-211905,Executor0,Stage0-0-0,0,0,0,0,0,0,0,0
1781921999623,nx-q0-nexmark-metrics-phase1-fix-20260619-211810-211905,Executor0,Stage0-1-0,0,0,0,0,0,0,0,0
1781921999623,nx-q0-nexmark-metrics-phase1-fix-20260619-211810-211905,Executor0,Stage0-2-0,0,0,0,0,0,0,0,0
1781921999623,nx-q0-nexmark-metrics-phase1-fix-20260619-211810-211905,Executor0,Stage0-3-0,0,0,0,0,0,0,0,0
1781921999715,nx-q0-nexmark-metrics-phase1-fix-20260619-211810-211905,Executor1,Stage1-2-0,0,0,0,0,0,0,0,0
1781922000201,Executor1,Stage1-1-0,0,0,0,0,0,0,0,0
1781922000201,Executor0,Stage0-0-0,0,0,0,0,0,0,0,0
1781922000201,Executor0,Stage0-1-0,0,0,0,0,0,0,0,0
1781922000201,Executor0,Stage0-2-0,0,0,0,0,0,0,0,0
1781922000201,Executor0,Stage0-3-0,0,0,0,0,0,0,0,0
1781922000605,Executor1,Stage1-2-0,0,0,0,0,0,0,0,0
1781922000615,Executor0,Stage0-0-0,0,0,0,0,0,0,0,0
1781922000615,Executor0,Stage0-1-0,0,0,0,0,0,0,0,0
1781922000615,Executor0,Stage0-2-0,0,0,0,0,0,0,0,0
1781922000615,Executor0,Stage0-3-0,0,0,0,0,0,0,0,0
1781922000623,nx-q0-nexmark-metrics-phase1-fix-20260619-211810-211905,Executor0,Stage0-0-0,0,0,0,0,0,0,0,0
1781922000623,nx-q0-nexmark-metrics-phase1-fix-20260619-211810-211905,Executor0,Stage0-1-0,0,0,0,0,0,0,0,0
1781922000623,nx-q0-nexmark-metrics-phase1-fix-20260619-211810-211905,Executor0,Stage0-2-0,0,0,0,0,0,0,0,0
1781922000623,nx-q0-nexmark-metrics-phase1-fix-20260619-211810-211905,Executor0,Stage0-3-0,0,0,0,0,0,0,0,0
1781922000715,nx-q0-nexmark-metrics-phase1-fix-20260619-211810-211905,Executor1,Stage1-2-0,0,0,0,0,0,0,0,0
1781922001201,Executor0,Stage0-0-0,0,0,0,0,0,0,0,0
1781922001201,Executor0,Stage0-1-0,0,0,0,0,0,0,0,0
1781922001201,Executor0,Stage0-2-0,0,0,0,0,0,0,0,0
1781922001201,Executor0,Stage0-3-0,0,0,0,0,0,0,0,0
1781922001201,Executor1,Stage1-1-0,0,0,0,0,0,0,0,0
1781922001604,Executor1,Stage1-2-0,0,0,0,0,0,0,0,0
1781922001615,Executor0,Stage0-0-0,0,0,0,0,0,0,0,0
1781922001615,Executor0,Stage0-1-0,0,0,0,0,0,0,0,0
1781922001615,Executor0,Stage0-2-0,0,0,0,0,0,0,0,0
1781922001615,Executor0,Stage0-3-0,0,0,0,0,0,0,0,0
1781922001623,nx-q0-nexmark-metrics-phase1-fix-20260619-211810-211905,Executor0,Stage0-0-0,0,0,0,0,0,0,0,0
1781922001623,nx-q0-nexmark-metrics-phase1-fix-20260619-211810-211905,Executor0,Stage0-1-0,0,0,0,0,0,0,0,0
1781922001623,nx-q0-nexmark-metrics-phase1-fix-20260619-211810-211905,Executor0,Stage0-2-0,0,0,0,0,0,0,0,0
1781922001623,nx-q0-nexmark-metrics-phase1-fix-20260619-211810-211905,Executor0,Stage0-3-0,0,0,0,0,0,0,0,0
1781922001715,nx-q0-nexmark-metrics-phase1-fix-20260619-211810-211905,Executor1,Stage1-2-0,0,0,0,0,0,0,0,0
1781922002201,Executor0,Stage0-0-0,0,0,0,0,0,0,0,0
1781922002201,Executor0,Stage0-1-0,0,0,0,0,0,0,0,0
1781922002201,Executor0,Stage0-2-0,0,0,0,0,0,0,0,0
1781922002201,Executor0,Stage0-3-0,0,0,0,0,0,0,0,0
1781922002201,Executor1,Stage1-1-0,0,0,0,0,0,0,0,0
1781922002605,Executor1,Stage1-2-0,0,0,0,0,0,0,0,0
1781922002615,Executor0,Stage0-0-0,0,0,0,0,0,0,0,0
1781922002615,Executor0,Stage0-1-0,0,0,0,0,0,0,0,0
1781922002615,Executor0,Stage0-2-0,0,0,0,0,0,0,0,0
1781922002615,Executor0,Stage0-3-0,0,0,0,0,0,0,0,0
1781922002623,nx-q0-nexmark-metrics-phase1-fix-20260619-211810-211905,Executor0,Stage0-0-0,0,0,0,0,0,0,0,0
1781922002623,nx-q0-nexmark-metrics-phase1-fix-20260619-211810-211905,Executor0,Stage0-1-0,0,0,0,0,0,0,0,0
1781922002623,nx-q0-nexmark-metrics-phase1-fix-20260619-211810-211905,Executor0,Stage0-2-0,0,0,0,0,0,0,0,0
1781922002623,nx-q0-nexmark-metrics-phase1-fix-20260619-211810-211905,Executor0,Stage0-3-0,0,0,0,0,0,0,0,0
1781922002715,nx-q0-nexmark-metrics-phase1-fix-20260619-211810-211905,Executor1,Stage1-2-0,0,0,0,0,0,0,0,0
1781922003201,Executor0,Stage0-0-0,0,0,0,0,0,0,0,0
1781922003201,Executor0,Stage0-1-0,0,0,0,0,0,0,0,0
1781922003201,Executor0,Stage0-2-0,0,0,0,0,0,0,0,0
1781922003201,Executor0,Stage0-3-0,0,0,0,0,0,0,0,0
1781922003201,Executor1,Stage1-1-0,0,0,0,0,0,0,0,0
1781922003604,Executor1,Stage1-2-0,0,0,0,0,0,0,0,0
1781922003615,Executor0,Stage0-0-0,0,0,0,0,0,0,0,0
1781922003615,Executor0,Stage0-1-0,0,0,0,0,0,0,0,0
1781922003615,Executor0,Stage0-2-0,0,0,0,0,0,0,0,0
1781922003615,Executor0,Stage0-3-0,0,0,0,0,0,0,0,0
1781922003623,nx-q0-nexmark-metrics-phase1-fix-20260619-211810-211905,Executor0,Stage0-0-0,0,0,0,0,0,0,0,0
1781922003623,nx-q0-nexmark-metrics-phase1-fix-20260619-211810-211905,Executor0,Stage0-1-0,0,0,0,0,0,0,0,0
1781922003623,nx-q0-nexmark-metrics-phase1-fix-20260619-211810-211905,Executor0,Stage0-2-0,0,0,0,0,0,0,0,0
1781922003623,nx-q0-nexmark-metrics-phase1-fix-20260619-211810-211905,Executor0,Stage0-3-0,0,0,0,0,0,0,0,0
1781922003715,nx-q0-nexmark-metrics-phase1-fix-20260619-211810-211905,Executor1,Stage1-2-0,0,0,0,0,0,0,0,0
1781922004201,Executor1,Stage1-1-0,0,0,0,0,0,0,0,0
1781922004201,Executor0,Stage0-0-0,0,0,0,0,0,0,0,0
1781922004201,Executor0,Stage0-1-0,0,0,0,0,0,0,0,0
1781922004201,Executor0,Stage0-2-0,0,0,0,0,0,0,0,0
1781922004201,Executor0,Stage0-3-0,0,0,0,0,0,0,0,0
1781922004604,Executor1,Stage1-2-0,0,0,0,0,0,0,0,0
1781922004615,Executor0,Stage0-0-0,0,0,0,0,0,0,0,0
1781922004615,Executor0,Stage0-1-0,0,0,0,0,0,0,0,0
1781922004615,Executor0,Stage0-2-0,0,0,0,0,0,0,0,0
1781922004615,Executor0,Stage0-3-0,0,0,0,0,0,0,0,0
1781922004623,nx-q0-nexmark-metrics-phase1-fix-20260619-211810-211905,Executor0,Stage0-0-0,0,0,0,0,0,0,0,0
1781922004623,nx-q0-nexmark-metrics-phase1-fix-20260619-211810-211905,Executor0,Stage0-1-0,0,0,0,0,0,0,0,0
1781922004623,nx-q0-nexmark-metrics-phase1-fix-20260619-211810-211905,Executor0,Stage0-2-0,0,0,0,0,0,0,0,0
1781922004623,nx-q0-nexmark-metrics-phase1-fix-20260619-211810-211905,Executor0,Stage0-3-0,0,0,0,0,0,0,0,0
1781922004715,nx-q0-nexmark-metrics-phase1-fix-20260619-211810-211905,Executor1,Stage1-2-0,0,0,0,0,0,0,0,0
1781922005201,Executor0,Stage0-0-0,0,0,0,0,0,0,0,0
1781922005201,Executor0,Stage0-1-0,0,0,0,0,0,0,0,0
1781922005201,Executor0,Stage0-2-0,0,0,0,0,0,0,0,0
1781922005201,Executor0,Stage0-3-0,0,0,0,0,0,0,0,0
1781922005201,Executor1,Stage1-1-0,0,0,0,0,0,0,0,0
1781922005604,Executor1,Stage1-2-0,0,0,0,0,0,0,0,0
1781922005615,Executor0,Stage0-0-0,0,0,0,0,0,0,0,0
1781922005615,Executor0,Stage0-1-0,0,0,0,0,0,0,0,0
1781922005615,Executor0,Stage0-2-0,0,0,0,0,0,0,0,0
1781922005615,Executor0,Stage0-3-0,0,0,0,0,0,0,0,0
1781922005623,nx-q0-nexmark-metrics-phase1-fix-20260619-211810-211905,Executor0,Stage0-0-0,0,0,0,0,0,0,0,0
1781922005623,nx-q0-nexmark-metrics-phase1-fix-20260619-211810-211905,Executor0,Stage0-1-0,0,0,0,0,0,0,0,0
1781922005623,nx-q0-nexmark-metrics-phase1-fix-20260619-211810-211905,Executor0,Stage0-2-0,0,0,0,0,0,0,0,0
1781922005623,nx-q0-nexmark-metrics-phase1-fix-20260619-211810-211905,Executor0,Stage0-3-0,0,0,0,0,0,0,0,0
1781922005715,nx-q0-nexmark-metrics-phase1-fix-20260619-211810-211905,Executor1,Stage1-2-0,0,0,0,0,0,0,0,0
1781922006201,Executor0,Stage0-0-0,0,0,0,0,0,0,0,0
1781922006201,Executor0,Stage0-1-0,0,0,0,0,0,0,0,0
1781922006201,Executor0,Stage0-2-0,0,0,0,0,0,0,0,0
1781922006201,Executor0,Stage0-3-0,0,0,0,0,0,0,0,0
1781922006201,Executor1,Stage1-1-0,0,0,0,0,0,0,0,0
1781922006605,Executor1,Stage1-2-0,0,0,0,0,0,0,0,0
1781922006615,Executor0,Stage0-0-0,0,0,0,0,0,0,0,0
1781922006615,Executor0,Stage0-1-0,0,0,0,0,0,0,0,0
1781922006615,Executor0,Stage0-2-0,0,0,0,0,0,0,0,0
1781922006615,Executor0,Stage0-3-0,0,0,0,0,0,0,0,0
1781922006623,nx-q0-nexmark-metrics-phase1-fix-20260619-211810-211905,Executor0,Stage0-0-0,0,0,0,0,0,0,0,0
1781922006623,nx-q0-nexmark-metrics-phase1-fix-20260619-211810-211905,Executor0,Stage0-1-0,0,0,0,0,0,0,0,0
1781922006623,nx-q0-nexmark-metrics-phase1-fix-20260619-211810-211905,Executor0,Stage0-2-0,0,0,0,0,0,0,0,0
1781922006623,nx-q0-nexmark-metrics-phase1-fix-20260619-211810-211905,Executor0,Stage0-3-0,0,0,0,0,0,0,0,0
1781922006715,nx-q0-nexmark-metrics-phase1-fix-20260619-211810-211905,Executor1,Stage1-2-0,0,0,0,0,0,0,0,0
1781922007201,Executor0,Stage0-0-0,0,0,0,0,0,0,0,0
1781922007201,Executor0,Stage0-1-0,0,0,0,0,0,0,0,0
1781922007201,Executor0,Stage0-2-0,0,0,0,0,0,0,0,0
1781922007201,Executor0,Stage0-3-0,0,0,0,0,0,0,0,0
1781922007201,Executor1,Stage1-1-0,0,0,0,0,0,0,0,0
1781922007605,Executor1,Stage1-2-0,0,0,0,0,0,0,0,0
1781922007615,Executor0,Stage0-0-0,0,0,0,0,0,0,0,0
1781922007615,Executor0,Stage0-1-0,0,0,0,0,0,0,0,0
1781922007615,Executor0,Stage0-2-0,0,0,0,0,0,0,0,0
1781922007615,Executor0,Stage0-3-0,0,0,0,0,0,0,0,0
1781922007623,nx-q0-nexmark-metrics-phase1-fix-20260619-211810-211905,Executor0,Stage0-0-0,0,0,0,0,0,0,0,0
1781922007623,nx-q0-nexmark-metrics-phase1-fix-20260619-211810-211905,Executor0,Stage0-1-0,0,0,0,0,0,0,0,0
1781922007623,nx-q0-nexmark-metrics-phase1-fix-20260619-211810-211905,Executor0,Stage0-2-0,0,0,0,0,0,0,0,0
1781922007623,nx-q0-nexmark-metrics-phase1-fix-20260619-211810-211905,Executor0,Stage0-3-0,0,0,0,0,0,0,0,0
1781922007715,nx-q0-nexmark-metrics-phase1-fix-20260619-211810-211905,Executor1,Stage1-2-0,0,0,0,0,0,0,0,0
1781922008201,Executor0,Stage0-0-0,0,0,0,0,0,0,0,0
1781922008201,Executor0,Stage0-1-0,0,0,0,0,0,0,0,0
1781922008201,Executor0,Stage0-2-0,0,0,0,0,0,0,0,0
1781922008201,Executor0,Stage0-3-0,0,0,0,0,0,0,0,0
1781922008201,Executor1,Stage1-1-0,0,0,0,0,0,0,0,0
1781922008604,Executor1,Stage1-2-0,0,0,0,0,0,0,0,0
1781922008615,Executor0,Stage0-0-0,0,0,0,0,0,0,0,0
1781922008615,Executor0,Stage0-1-0,0,0,0,0,0,0,0,0
1781922008615,Executor0,Stage0-2-0,0,0,0,0,0,0,0,0
1781922008615,Executor0,Stage0-3-0,0,0,0,0,0,0,0,0
1781922008623,nx-q0-nexmark-metrics-phase1-fix-20260619-211810-211905,Executor0,Stage0-0-0,0,0,0,0,0,0,0,0
1781922008623,nx-q0-nexmark-metrics-phase1-fix-20260619-211810-211905,Executor0,Stage0-1-0,0,0,0,0,0,0,0,0
1781922008623,nx-q0-nexmark-metrics-phase1-fix-20260619-211810-211905,Executor0,Stage0-2-0,0,0,0,0,0,0,0,0
1781922008623,nx-q0-nexmark-metrics-phase1-fix-20260619-211810-211905,Executor0,Stage0-3-0,0,0,0,0,0,0,0,0
1781922008714,nx-q0-nexmark-metrics-phase1-fix-20260619-211810-211905,Executor1,Stage1-2-0,0,0,0,0,0,0,0,0
1781922009201,Executor0,Stage0-0-0,0,0,0,0,0,0,0,0
1781922009201,Executor0,Stage0-1-0,0,0,0,0,0,0,0,0
1781922009201,Executor0,Stage0-2-0,0,0,0,0,0,0,0,0
1781922009201,Executor0,Stage0-3-0,0,0,0,0,0,0,0,0
1781922009201,Executor1,Stage1-1-0,0,0,0,0,0,0,0,0
1781922009604,Executor1,Stage1-2-0,0,0,0,0,0,0,0,0
1781922009615,Executor0,Stage0-0-0,0,0,0,0,0,0,0,0
1781922009615,Executor0,Stage0-1-0,0,0,0,0,0,0,0,0
1781922009615,Executor0,Stage0-2-0,0,0,0,0,0,0,0,0
1781922009615,Executor0,Stage0-3-0,0,0,0,0,0,0,0,0
1781922009623,nx-q0-nexmark-metrics-phase1-fix-20260619-211810-211905,Executor0,Stage0-0-0,0,0,0,0,0,0,0,0
1781922009623,nx-q0-nexmark-metrics-phase1-fix-20260619-211810-211905,Executor0,Stage0-1-0,0,0,0,0,0,0,0,0
1781922009623,nx-q0-nexmark-metrics-phase1-fix-20260619-211810-211905,Executor0,Stage0-2-0,0,0,0,0,0,0,0,0
1781922009623,nx-q0-nexmark-metrics-phase1-fix-20260619-211810-211905,Executor0,Stage0-3-0,0,0,0,0,0,0,0,0
1781922009715,nx-q0-nexmark-metrics-phase1-fix-20260619-211810-211905,Executor1,Stage1-2-0,0,0,0,0,0,0,0,0
1781922010201,Executor0,Stage0-0-0,0,0,0,0,0,0,0,0
1781922010201,Executor0,Stage0-1-0,0,0,0,0,0,0,0,0
1781922010201,Executor0,Stage0-2-0,0,0,0,0,0,0,0,0
1781922010201,Executor0,Stage0-3-0,0,0,0,0,0,0,0,0
1781922010201,Executor1,Stage1-1-0,0,0,0,0,0,0,0,0
1781922010604,Executor1,Stage1-2-0,0,0,0,0,0,0,0,0
1781922010615,Executor0,Stage0-0-0,0,0,0,0,0,0,0,0
1781922010615,Executor0,Stage0-1-0,0,0,0,0,0,0,0,0
1781922010615,Executor0,Stage0-2-0,0,0,0,0,0,0,0,0
1781922010615,Executor0,Stage0-3-0,0,0,0,0,0,0,0,0
1781922010623,nx-q0-nexmark-metrics-phase1-fix-20260619-211810-211905,Executor0,Stage0-0-0,0,0,0,0,0,0,0,0
1781922010623,nx-q0-nexmark-metrics-phase1-fix-20260619-211810-211905,Executor0,Stage0-1-0,0,0,0,0,0,0,0,0
1781922010623,nx-q0-nexmark-metrics-phase1-fix-20260619-211810-211905,Executor0,Stage0-2-0,0,0,0,0,0,0,0,0
1781922010623,nx-q0-nexmark-metrics-phase1-fix-20260619-211810-211905,Executor0,Stage0-3-0,0,0,0,0,0,0,0,0
1781922010715,nx-q0-nexmark-metrics-phase1-fix-20260619-211810-211905,Executor1,Stage1-2-0,0,0,0,0,0,0,0,0
1781922011201,Executor1,Stage1-1-0,0,0,0,0,0,0,0,0
1781922011201,Executor0,Stage0-0-0,0,0,0,0,0,0,0,0
1781922011201,Executor0,Stage0-1-0,0,0,0,0,0,0,0,0
1781922011201,Executor0,Stage0-2-0,0,0,0,0,0,0,0,0
1781922011201,Executor0,Stage0-3-0,0,0,0,0,0,0,0,0
1781922011604,Executor1,Stage1-2-0,0,0,0,0,0,0,0,0
1781922011615,Executor0,Stage0-0-0,0,0,0,0,0,0,0,0
1781922011615,Executor0,Stage0-1-0,0,0,0,0,0,0,0,0
1781922011615,Executor0,Stage0-2-0,0,0,0,0,0,0,0,0
1781922011615,Executor0,Stage0-3-0,0,0,0,0,0,0,0,0
1781922011623,nx-q0-nexmark-metrics-phase1-fix-20260619-211810-211905,Executor0,Stage0-0-0,0,0,0,0,0,0,0,0
1781922011623,nx-q0-nexmark-metrics-phase1-fix-20260619-211810-211905,Executor0,Stage0-1-0,0,0,0,0,0,0,0,0
1781922011623,nx-q0-nexmark-metrics-phase1-fix-20260619-211810-211905,Executor0,Stage0-2-0,0,0,0,0,0,0,0,0
1781922011623,nx-q0-nexmark-metrics-phase1-fix-20260619-211810-211905,Executor0,Stage0-3-0,0,0,0,0,0,0,0,0
1781922011714,nx-q0-nexmark-metrics-phase1-fix-20260619-211810-211905,Executor1,Stage1-2-0,0,0,0,0,0,0,0,0
1781922012201,Executor0,Stage0-0-0,0,0,0,0,0,0,0,0
1781922012201,Executor0,Stage0-1-0,0,0,0,0,0,0,0,0
1781922012201,Executor0,Stage0-2-0,0,0,0,0,0,0,0,0
1781922012201,Executor0,Stage0-3-0,0,0,0,0,0,0,0,0
1781922012201,Executor1,Stage1-1-0,0,0,0,0,0,0,0,0
1781922012604,Executor1,Stage1-2-0,0,0,0,0,0,0,0,0
1781922012615,Executor0,Stage0-0-0,0,0,0,0,0,0,0,0
1781922012615,Executor0,Stage0-1-0,0,0,0,0,0,0,0,0
1781922012615,Executor0,Stage0-2-0,0,0,0,0,0,0,0,0
1781922012615,Executor0,Stage0-3-0,0,0,0,0,0,0,0,0
1781922012623,nx-q0-nexmark-metrics-phase1-fix-20260619-211810-211905,Executor0,Stage0-0-0,0,0,0,0,0,0,0,0
1781922012623,nx-q0-nexmark-metrics-phase1-fix-20260619-211810-211905,Executor0,Stage0-1-0,0,0,0,0,0,0,0,0
1781922012623,nx-q0-nexmark-metrics-phase1-fix-20260619-211810-211905,Executor0,Stage0-2-0,0,0,0,0,0,0,0,0
1781922012623,nx-q0-nexmark-metrics-phase1-fix-20260619-211810-211905,Executor0,Stage0-3-0,0,0,0,0,0,0,0,0
1781922012715,nx-q0-nexmark-metrics-phase1-fix-20260619-211810-211905,Executor1,Stage1-2-0,0,0,0,0,0,0,0,0
1781922013201,Executor0,Stage0-0-0,0,0,0,0,0,0,0,0
1781922013201,Executor0,Stage0-1-0,0,0,0,0,0,0,0,0
1781922013201,Executor0,Stage0-2-0,0,0,0,0,0,0,0,0
1781922013201,Executor0,Stage0-3-0,0,0,0,0,0,0,0,0
1781922013201,Executor1,Stage1-1-0,0,0,0,0,0,0,0,0
1781922013604,Executor1,Stage1-2-0,0,0,0,0,0,0,0,0
1781922013615,Executor0,Stage0-0-0,0,0,0,0,0,0,0,0
1781922013615,Executor0,Stage0-1-0,0,0,0,0,0,0,0,0
1781922013615,Executor0,Stage0-2-0,0,0,0,0,0,0,0,0
1781922013615,Executor0,Stage0-3-0,0,0,0,0,0,0,0,0
1781922013623,nx-q0-nexmark-metrics-phase1-fix-20260619-211810-211905,Executor0,Stage0-0-0,0,0,0,0,0,0,0,0
1781922013623,nx-q0-nexmark-metrics-phase1-fix-20260619-211810-211905,Executor0,Stage0-1-0,0,0,0,0,0,0,0,0
1781922013623,nx-q0-nexmark-metrics-phase1-fix-20260619-211810-211905,Executor0,Stage0-2-0,0,0,0,0,0,0,0,0
1781922013623,nx-q0-nexmark-metrics-phase1-fix-20260619-211810-211905,Executor0,Stage0-3-0,0,0,0,0,0,0,0,0
1781922013714,nx-q0-nexmark-metrics-phase1-fix-20260619-211810-211905,Executor1,Stage1-2-0,0,0,0,0,0,0,0,0
1781922014201,Executor0,Stage0-0-0,0,0,0,0,0,0,0,0
1781922014201,Executor0,Stage0-1-0,0,0,0,0,0,0,0,0
1781922014201,Executor0,Stage0-2-0,0,0,0,0,0,0,0,0
1781922014201,Executor0,Stage0-3-0,0,0,0,0,0,0,0,0
1781922014201,Executor1,Stage1-1-0,0,0,0,0,0,0,0,0
1781922014604,Executor1,Stage1-2-0,0,0,0,0,0,0,0,0
1781922014615,Executor0,Stage0-0-0,0,0,0,0,0,0,0,0
1781922014615,Executor0,Stage0-1-0,0,0,0,0,0,0,0,0
1781922014615,Executor0,Stage0-2-0,0,0,0,0,0,0,0,0
1781922014615,Executor0,Stage0-3-0,0,0,0,0,0,0,0,0
1781922014623,nx-q0-nexmark-metrics-phase1-fix-20260619-211810-211905,Executor0,Stage0-0-0,0,0,0,0,0,0,0,0
1781922014623,nx-q0-nexmark-metrics-phase1-fix-20260619-211810-211905,Executor0,Stage0-1-0,0,0,0,0,0,0,0,0
1781922014623,nx-q0-nexmark-metrics-phase1-fix-20260619-211810-211905,Executor0,Stage0-2-0,0,0,0,0,0,0,0,0
1781922014623,nx-q0-nexmark-metrics-phase1-fix-20260619-211810-211905,Executor0,Stage0-3-0,0,0,0,0,0,0,0,0
1781922014715,nx-q0-nexmark-metrics-phase1-fix-20260619-211810-211905,Executor1,Stage1-2-0,0,0,0,0,0,0,0,0
1781922015201,Executor0,Stage0-0-0,0,0,0,0,0,0,0,0
1781922015201,Executor0,Stage0-1-0,0,0,0,0,0,0,0,0
1781922015201,Executor0,Stage0-2-0,0,0,0,0,0,0,0,0
1781922015201,Executor0,Stage0-3-0,0,0,0,0,0,0,0,0
1781922015201,Executor1,Stage1-1-0,0,0,0,0,0,0,0,0
1781922015604,Executor1,Stage1-2-0,0,0,0,0,0,0,0,0
1781922015615,Executor0,Stage0-0-0,0,0,0,0,0,0,0,0
1781922015615,Executor0,Stage0-1-0,0,0,0,0,0,0,0,0
1781922015615,Executor0,Stage0-2-0,0,0,0,0,0,0,0,0
1781922015615,Executor0,Stage0-3-0,0,0,0,0,0,0,0,0
1781922015623,nx-q0-nexmark-metrics-phase1-fix-20260619-211810-211905,Executor0,Stage0-0-0,0,0,0,0,0,0,0,0
1781922015623,nx-q0-nexmark-metrics-phase1-fix-20260619-211810-211905,Executor0,Stage0-1-0,0,0,0,0,0,0,0,0
1781922015623,nx-q0-nexmark-metrics-phase1-fix-20260619-211810-211905,Executor0,Stage0-2-0,0,0,0,0,0,0,0,0
1781922015623,nx-q0-nexmark-metrics-phase1-fix-20260619-211810-211905,Executor0,Stage0-3-0,0,0,0,0,0,0,0,0
1781922015715,nx-q0-nexmark-metrics-phase1-fix-20260619-211810-211905,Executor1,Stage1-2-0,0,0,0,0,0,0,0,0
1781922016201,Executor0,Stage0-0-0,0,0,0,0,0,0,0,0
1781922016201,Executor0,Stage0-1-0,0,0,0,0,0,0,0,0
1781922016201,Executor0,Stage0-2-0,0,0,0,0,0,0,0,0
1781922016201,Executor0,Stage0-3-0,0,0,0,0,0,0,0,0
1781922016201,Executor1,Stage1-1-0,0,0,0,0,0,0,0,0
1781922016604,Executor1,Stage1-2-0,0,0,0,0,0,0,0,0
1781922016615,Executor0,Stage0-0-0,0,0,0,0,0,0,0,0
1781922016615,Executor0,Stage0-1-0,0,0,0,0,0,0,0,0
1781922016615,Executor0,Stage0-2-0,0,0,0,0,0,0,0,0
1781922016615,Executor0,Stage0-3-0,0,0,0,0,0,0,0,0
1781922016623,nx-q0-nexmark-metrics-phase1-fix-20260619-211810-211905,Executor0,Stage0-0-0,0,0,0,0,0,0,0,0
1781922016623,nx-q0-nexmark-metrics-phase1-fix-20260619-211810-211905,Executor0,Stage0-1-0,0,0,0,0,0,0,0,0
1781922016623,nx-q0-nexmark-metrics-phase1-fix-20260619-211810-211905,Executor0,Stage0-2-0,0,0,0,0,0,0,0,0
1781922016623,nx-q0-nexmark-metrics-phase1-fix-20260619-211810-211905,Executor0,Stage0-3-0,0,0,0,0,0,0,0,0
1781922016732,nx-q0-nexmark-metrics-phase1-fix-20260619-211810-211905,Executor1,Stage1-2-0,0,0,0,0,0,0,0,0
1781922017201,Executor0,Stage0-0-0,0,0,0,0,0,0,0,0
1781922017201,Executor0,Stage0-1-0,0,0,0,0,0,0,0,0
1781922017201,Executor0,Stage0-2-0,0,0,0,0,0,0,0,0
1781922017201,Executor0,Stage0-3-0,0,0,0,0,0,0,0,0
1781922017201,Executor1,Stage1-1-0,0,0,0,0,0,0,0,0
1781922017604,Executor1,Stage1-2-0,0,0,0,0,0,0,0,0
1781922017615,Executor0,Stage0-0-0,0,0,0,0,0,0,0,0
1781922017615,Executor0,Stage0-1-0,0,0,0,0,0,0,0,0
1781922017615,Executor0,Stage0-2-0,0,0,0,0,0,0,0,0
1781922017615,Executor0,Stage0-3-0,0,0,0,0,0,0,0,0
1781922017623,nx-q0-nexmark-metrics-phase1-fix-20260619-211810-211905,Executor0,Stage0-0-0,0,0,0,0,0,0,0,0
1781922017623,nx-q0-nexmark-metrics-phase1-fix-20260619-211810-211905,Executor0,Stage0-1-0,0,0,0,0,0,0,0,0
1781922017623,nx-q0-nexmark-metrics-phase1-fix-20260619-211810-211905,Executor0,Stage0-2-0,0,0,0,0,0,0,0,0
1781922017623,nx-q0-nexmark-metrics-phase1-fix-20260619-211810-211905,Executor0,Stage0-3-0,0,0,0,0,0,0,0,0
1781922017714,nx-q0-nexmark-metrics-phase1-fix-20260619-211810-211905,Executor1,Stage1-2-0,0,0,0,0,0,0,0,0
1781922018201,Executor0,Stage0-0-0,0,0,0,0,0,0,0,0
1781922018201,Executor0,Stage0-1-0,0,0,0,0,0,0,0,0
1781922018201,Executor0,Stage0-2-0,0,0,0,0,0,0,0,0
1781922018201,Executor0,Stage0-3-0,0,0,0,0,0,0,0,0
1781922018201,Executor1,Stage1-1-0,0,0,0,0,0,0,0,0
1781922018604,Executor1,Stage1-2-0,0,0,0,0,0,0,0,0
1781922018615,Executor0,Stage0-0-0,0,0,0,0,0,0,0,0
1781922018615,Executor0,Stage0-1-0,0,0,0,0,0,0,0,0
1781922018615,Executor0,Stage0-2-0,0,0,0,0,0,0,0,0
1781922018615,Executor0,Stage0-3-0,0,0,0,0,0,0,0,0
1781922018623,nx-q0-nexmark-metrics-phase1-fix-20260619-211810-211905,Executor0,Stage0-0-0,0,0,0,0,0,0,0,0
1781922018623,nx-q0-nexmark-metrics-phase1-fix-20260619-211810-211905,Executor0,Stage0-1-0,0,0,0,0,0,0,0,0
1781922018623,nx-q0-nexmark-metrics-phase1-fix-20260619-211810-211905,Executor0,Stage0-2-0,0,0,0,0,0,0,0,0
1781922018623,nx-q0-nexmark-metrics-phase1-fix-20260619-211810-211905,Executor0,Stage0-3-0,0,0,0,0,0,0,0,0
1781922018715,nx-q0-nexmark-metrics-phase1-fix-20260619-211810-211905,Executor1,Stage1-2-0,0,0,0,0,0,0,0,0
1781922019201,Executor1,Stage1-1-0,0,0,0,0,0,0,0,0
1781922019201,Executor0,Stage0-0-0,0,0,0,0,0,0,0,0
1781922019201,Executor0,Stage0-1-0,0,0,0,0,0,0,0,0
1781922019201,Executor0,Stage0-2-0,0,0,0,0,0,0,0,0
1781922019201,Executor0,Stage0-3-0,0,0,0,0,0,0,0,0
1781922019605,Executor1,Stage1-2-0,0,0,0,0,0,0,0,0
1781922019615,Executor0,Stage0-0-0,0,0,0,0,0,0,0,0
1781922019615,Executor0,Stage0-1-0,0,0,0,0,0,0,0,0
1781922019615,Executor0,Stage0-2-0,0,0,0,0,0,0,0,0
1781922019615,Executor0,Stage0-3-0,0,0,0,0,0,0,0,0
1781922019623,nx-q0-nexmark-metrics-phase1-fix-20260619-211810-211905,Executor0,Stage0-0-0,0,0,0,0,0,0,0,0
1781922019623,nx-q0-nexmark-metrics-phase1-fix-20260619-211810-211905,Executor0,Stage0-1-0,0,0,0,0,0,0,0,0
1781922019623,nx-q0-nexmark-metrics-phase1-fix-20260619-211810-211905,Executor0,Stage0-2-0,0,0,0,0,0,0,0,0
1781922019623,nx-q0-nexmark-metrics-phase1-fix-20260619-211810-211905,Executor0,Stage0-3-0,0,0,0,0,0,0,0,0
1781922019715,nx-q0-nexmark-metrics-phase1-fix-20260619-211810-211905,Executor1,Stage1-2-0,0,0,0,0,0,0,0,0
1781922020201,Executor1,Stage1-1-0,0,0,0,0,0,0,0,0
1781922020201,Executor0,Stage0-0-0,0,0,0,0,0,0,0,0
1781922020201,Executor0,Stage0-1-0,0,0,0,0,0,0,0,0
1781922020201,Executor0,Stage0-2-0,0,0,0,0,0,0,0,0
1781922020201,Executor0,Stage0-3-0,0,0,0,0,0,0,0,0
1781922020604,Executor1,Stage1-2-0,0,0,0,0,0,0,0,0
1781922020615,Executor0,Stage0-0-0,0,0,0,0,0,0,0,0
1781922020615,Executor0,Stage0-1-0,0,0,0,0,0,0,0,0
1781922020615,Executor0,Stage0-2-0,0,0,0,0,0,0,0,0
1781922020615,Executor0,Stage0-3-0,0,0,0,0,0,0,0,0
1781922020623,nx-q0-nexmark-metrics-phase1-fix-20260619-211810-211905,Executor0,Stage0-0-0,0,0,0,0,0,0,0,0
1781922020623,nx-q0-nexmark-metrics-phase1-fix-20260619-211810-211905,Executor0,Stage0-1-0,0,0,0,0,0,0,0,0
1781922020623,nx-q0-nexmark-metrics-phase1-fix-20260619-211810-211905,Executor0,Stage0-2-0,0,0,0,0,0,0,0,0
1781922020623,nx-q0-nexmark-metrics-phase1-fix-20260619-211810-211905,Executor0,Stage0-3-0,0,0,0,0,0,0,0,0
1781922020715,nx-q0-nexmark-metrics-phase1-fix-20260619-211810-211905,Executor1,Stage1-2-0,0,0,0,0,0,0,0,0
1781922021201,Executor1,Stage1-1-0,0,0,0,0,0,0,0,0
1781922021201,Executor0,Stage0-0-0,0,0,0,0,0,0,0,0
1781922021201,Executor0,Stage0-1-0,0,0,0,0,0,0,0,0
1781922021201,Executor0,Stage0-2-0,0,0,0,0,0,0,0,0
1781922021201,Executor0,Stage0-3-0,0,0,0,0,0,0,0,0
1781922021605,Executor1,Stage1-2-0,0,0,0,0,0,0,0,0
1781922021615,Executor0,Stage0-0-0,0,0,0,0,0,0,0,0
1781922021615,Executor0,Stage0-1-0,0,0,0,0,0,0,0,0
1781922021615,Executor0,Stage0-2-0,0,0,0,0,0,0,0,0
1781922021615,Executor0,Stage0-3-0,0,0,0,0,0,0,0,0
1781922021623,nx-q0-nexmark-metrics-phase1-fix-20260619-211810-211905,Executor0,Stage0-0-0,0,12500,12500,191784,0,0,43827,1686775
1781922021623,nx-q0-nexmark-metrics-phase1-fix-20260619-211810-211905,Executor0,Stage0-1-0,0,12502,12502,192305,0,0,44778,1685685
1781922021623,nx-q0-nexmark-metrics-phase1-fix-20260619-211810-211905,Executor0,Stage0-2-0,0,12500,12500,190046,0,0,43062,1689328
1781922021623,nx-q0-nexmark-metrics-phase1-fix-20260619-211810-211905,Executor0,Stage0-3-0,0,12498,12498,191530,0,0,42199,1688255
1781922021715,nx-q0-nexmark-metrics-phase1-fix-20260619-211810-211905,Executor1,Stage1-2-0,0,525,0,88520,20639,67157,0,0
1781922022201,Executor0,Stage0-0-0,0,0,0,0,0,0,0,0
1781922022201,Executor0,Stage0-1-0,0,0,0,0,0,0,0,0
1781922022201,Executor0,Stage0-2-0,0,0,0,0,0,0,0,0
1781922022201,Executor0,Stage0-3-0,0,0,0,0,0,0,0,0
1781922022201,Executor1,Stage1-1-0,0,0,0,0,0,0,0,0
1781922022604,Executor1,Stage1-2-0,0,0,0,0,0,0,0,0
1781922022615,Executor0,Stage0-0-0,0,0,0,0,0,0,0,0
1781922022615,Executor0,Stage0-1-0,0,0,0,0,0,0,0,0
1781922022615,Executor0,Stage0-2-0,0,0,0,0,0,0,0,0
1781922022615,Executor0,Stage0-3-0,0,0,0,0,0,0,0,0
1781922022623,nx-q0-nexmark-metrics-phase1-fix-20260619-211810-211905,Executor0,Stage0-0-0,0,12498,12498,79182,0,0,2487,1711452
1781922022623,nx-q0-nexmark-metrics-phase1-fix-20260619-211810-211905,Executor0,Stage0-1-0,0,12498,12498,64701,0,0,3034,1713459
1781922022623,nx-q0-nexmark-metrics-phase1-fix-20260619-211810-211905,Executor0,Stage0-2-0,0,12502,12502,69324,0,0,2075,1717500
1781922022623,nx-q0-nexmark-metrics-phase1-fix-20260619-211810-211905,Executor0,Stage0-3-0,0,12502,12502,101573,0,0,2824,1716599
1781922022715,nx-q0-nexmark-metrics-phase1-fix-20260619-211810-211905,Executor1,Stage1-2-0,0,23118,0,536606,139846,2958870,0,0
1781922023201,Executor0,Stage0-0-0,0,0,0,0,0,0,0,0
1781922023201,Executor0,Stage0-1-0,0,0,0,0,0,0,0,0
1781922023201,Executor0,Stage0-2-0,0,0,0,0,0,0,0,0
1781922023201,Executor0,Stage0-3-0,0,0,0,0,0,0,0,0
1781922023201,Executor1,Stage1-1-0,0,0,0,0,0,0,0,0
1781922023604,Executor1,Stage1-2-0,0,0,0,0,0,0,0,0
1781922023615,Executor0,Stage0-0-0,0,0,0,0,0,0,0,0
1781922023615,Executor0,Stage0-1-0,0,0,0,0,0,0,0,0
1781922023615,Executor0,Stage0-2-0,0,0,0,0,0,0,0,0
1781922023615,Executor0,Stage0-3-0,0,0,0,0,0,0,0,0
1781922023623,nx-q0-nexmark-metrics-phase1-fix-20260619-211810-211905,Executor0,Stage0-0-0,0,12500,12500,20225,0,0,1321,1714120
1781922023623,nx-q0-nexmark-metrics-phase1-fix-20260619-211810-211905,Executor0,Stage0-1-0,0,12498,12498,23765,0,0,1061,1711505
1781922023623,nx-q0-nexmark-metrics-phase1-fix-20260619-211810-211905,Executor0,Stage0-2-0,0,12500,12500,30221,0,0,1129,1718227
1781922023623,nx-q0-nexmark-metrics-phase1-fix-20260619-211810-211905,Executor0,Stage0-3-0,0,12502,12502,25325,0,0,1384,1717024
1781922023715,nx-q0-nexmark-metrics-phase1-fix-20260619-211810-211905,Executor1,Stage1-2-0,0,13355,0,149711,38410,1712026,0,0
1781922024201,Executor1,Stage1-1-0,0,0,0,0,0,0,0,0
1781922024202,Executor0,Stage0-0-0,0,0,0,0,0,0,0,0
1781922024202,Executor0,Stage0-1-0,0,0,0,0,0,0,0,0
1781922024202,Executor0,Stage0-2-0,0,0,0,0,0,0,0,0
1781922024202,Executor0,Stage0-3-0,0,0,0,0,0,0,0,0
1781922024604,Executor1,Stage1-2-0,0,0,0,0,0,0,0,0
1781922024615,Executor0,Stage0-0-0,0,0,0,0,0,0,0,0
1781922024615,Executor0,Stage0-1-0,0,0,0,0,0,0,0,0
1781922024615,Executor0,Stage0-2-0,0,0,0,0,0,0,0,0
1781922024615,Executor0,Stage0-3-0,0,0,0,0,0,0,0,0
1781922024624,nx-q0-nexmark-metrics-phase1-fix-20260619-211810-211905,Executor0,Stage0-0-0,0,12502,12502,28981,0,0,3858,1728281
1781922024624,nx-q0-nexmark-metrics-phase1-fix-20260619-211810-211905,Executor0,Stage0-1-0,0,12502,12502,26957,0,0,3544,1720214
1781922024624,nx-q0-nexmark-metrics-phase1-fix-20260619-211810-211905,Executor0,Stage0-2-0,0,12498,12498,27795,0,0,3472,1727966
1781922024624,nx-q0-nexmark-metrics-phase1-fix-20260619-211810-211905,Executor0,Stage0-3-0,0,12498,12498,27459,0,0,3728,1725601
1781922024714,nx-q0-nexmark-metrics-phase1-fix-20260619-211810-211905,Executor1,Stage1-2-0,0,12111,0,127478,46332,1559790,0,0
1781922025201,Executor1,Stage1-1-0,0,0,0,0,0,0,0,0
1781922025201,Executor0,Stage0-0-0,0,0,0,0,0,0,0,0
1781922025201,Executor0,Stage0-1-0,0,0,0,0,0,0,0,0
1781922025201,Executor0,Stage0-2-0,0,0,0,0,0,0,0,0
1781922025201,Executor0,Stage0-3-0,0,0,0,0,0,0,0,0
1781922025604,Executor1,Stage1-2-0,0,0,0,0,0,0,0,0
1781922025615,Executor0,Stage0-0-0,0,0,0,0,0,0,0,0
1781922025615,Executor0,Stage0-1-0,0,0,0,0,0,0,0,0
1781922025615,Executor0,Stage0-2-0,0,0,0,0,0,0,0,0
1781922025615,Executor0,Stage0-3-0,0,0,0,0,0,0,0,0
1781922025623,nx-q0-nexmark-metrics-phase1-fix-20260619-211810-211905,Executor0,Stage0-0-0,0,12500,12500,20544,0,0,716,1721151
1781922025623,nx-q0-nexmark-metrics-phase1-fix-20260619-211810-211905,Executor0,Stage0-1-0,0,12502,12502,22702,0,0,802,1724967
1781922025623,nx-q0-nexmark-metrics-phase1-fix-20260619-211810-211905,Executor0,Stage0-2-0,0,12500,12500,20676,0,0,938,1722897
1781922025623,nx-q0-nexmark-metrics-phase1-fix-20260619-211810-211905,Executor0,Stage0-3-0,0,12498,12498,23750,0,0,756,1721912
1781922025714,nx-q0-nexmark-metrics-phase1-fix-20260619-211810-211905,Executor1,Stage1-2-0,0,13277,0,75963,14346,1711969,0,0
1781922026201,Executor0,Stage0-0-0,0,0,0,0,0,0,0,0
1781922026201,Executor0,Stage0-1-0,0,0,0,0,0,0,0,0
1781922026201,Executor0,Stage0-2-0,0,0,0,0,0,0,0,0
1781922026201,Executor0,Stage0-3-0,0,0,0,0,0,0,0,0
1781922026201,Executor1,Stage1-1-0,0,0,0,0,0,0,0,0
1781922026605,Executor1,Stage1-2-0,0,0,0,0,0,0,0,0
1781922026615,Executor0,Stage0-0-0,0,0,0,0,0,0,0,0
1781922026615,Executor0,Stage0-1-0,0,0,0,0,0,0,0,0
1781922026615,Executor0,Stage0-2-0,0,0,0,0,0,0,0,0
1781922026615,Executor0,Stage0-3-0,0,0,0,0,0,0,0,0
1781922026623,nx-q0-nexmark-metrics-phase1-fix-20260619-211810-211905,Executor0,Stage0-0-0,0,12498,12498,18223,0,0,1135,1717887
1781922026623,nx-q0-nexmark-metrics-phase1-fix-20260619-211810-211905,Executor0,Stage0-1-0,0,12498,12498,17667,0,0,1137,1721102
1781922026623,nx-q0-nexmark-metrics-phase1-fix-20260619-211810-211905,Executor0,Stage0-2-0,0,12502,12502,18394,0,0,1007,1721724
1781922026623,nx-q0-nexmark-metrics-phase1-fix-20260619-211810-211905,Executor0,Stage0-3-0,0,12502,12502,19009,0,0,1057,1713907
1781922026714,nx-q0-nexmark-metrics-phase1-fix-20260619-211810-211905,Executor1,Stage1-2-0,0,12678,0,76385,17170,1643326,0,0
1781922027201,Executor1,Stage1-1-0,0,0,0,0,0,0,0,0
1781922027201,Executor0,Stage0-0-0,0,0,0,0,0,0,0,0
1781922027201,Executor0,Stage0-1-0,0,0,0,0,0,0,0,0
1781922027201,Executor0,Stage0-2-0,0,0,0,0,0,0,0,0
1781922027201,Executor0,Stage0-3-0,0,0,0,0,0,0,0,0
1781922027604,Executor1,Stage1-2-0,0,0,0,0,0,0,0,0
1781922027615,Executor0,Stage0-0-0,0,0,0,0,0,0,0,0
1781922027615,Executor0,Stage0-1-0,0,0,0,0,0,0,0,0
1781922027615,Executor0,Stage0-2-0,0,0,0,0,0,0,0,0
1781922027615,Executor0,Stage0-3-0,0,0,0,0,0,0,0,0
1781922027623,nx-q0-nexmark-metrics-phase1-fix-20260619-211810-211905,Executor0,Stage0-0-0,0,12500,12500,18641,0,0,1064,1714103
1781922027623,nx-q0-nexmark-metrics-phase1-fix-20260619-211810-211905,Executor0,Stage0-1-0,0,12498,12498,19302,0,0,895,1652089
1781922027623,nx-q0-nexmark-metrics-phase1-fix-20260619-211810-211905,Executor0,Stage0-2-0,0,12500,12500,18100,0,0,1183,1723196
1781922027623,nx-q0-nexmark-metrics-phase1-fix-20260619-211810-211905,Executor0,Stage0-3-0,0,12502,12502,17393,0,0,1217,1723057
1781922027714,nx-q0-nexmark-metrics-phase1-fix-20260619-211810-211905,Executor1,Stage1-2-0,0,12323,0,106107,25245,1593347,0,0
1781922028201,Executor1,Stage1-1-0,0,0,0,0,0,0,0,0
1781922028201,Executor0,Stage0-0-0,0,0,0,0,0,0,0,0
1781922028201,Executor0,Stage0-1-0,0,0,0,0,0,0,0,0
1781922028201,Executor0,Stage0-2-0,0,0,0,0,0,0,0,0
1781922028201,Executor0,Stage0-3-0,0,0,0,0,0,0,0,0
1781922028604,Executor1,Stage1-2-0,0,0,0,0,0,0,0,0
1781922028615,Executor0,Stage0-0-0,0,0,0,0,0,0,0,0
1781922028615,Executor0,Stage0-1-0,0,0,0,0,0,0,0,0
1781922028615,Executor0,Stage0-2-0,0,0,0,0,0,0,0,0
1781922028615,Executor0,Stage0-3-0,0,0,0,0,0,0,0,0
1781922028623,nx-q0-nexmark-metrics-phase1-fix-20260619-211810-211905,Executor0,Stage0-0-0,0,12502,12502,29127,0,0,1203,1730380
1781922028623,nx-q0-nexmark-metrics-phase1-fix-20260619-211810-211905,Executor0,Stage0-1-0,0,12502,12502,20671,0,0,1554,1793918
1781922028623,nx-q0-nexmark-metrics-phase1-fix-20260619-211810-211905,Executor0,Stage0-2-0,0,12498,12498,17824,0,0,1083,1722031
1781922028623,nx-q0-nexmark-metrics-phase1-fix-20260619-211810-211905,Executor0,Stage0-3-0,0,12498,12498,20699,0,0,1335,1727203
1781922028715,nx-q0-nexmark-metrics-phase1-fix-20260619-211810-211905,Executor1,Stage1-2-0,0,12480,0,95833,24772,1609486,0,0
1781922029201,Executor1,Stage1-1-0,0,0,0,0,0,0,0,0
1781922029201,Executor0,Stage0-0-0,0,0,0,0,0,0,0,0
1781922029201,Executor0,Stage0-1-0,0,0,0,0,0,0,0,0
1781922029201,Executor0,Stage0-2-0,0,0,0,0,0,0,0,0
1781922029201,Executor0,Stage0-3-0,0,0,0,0,0,0,0,0
1781922029604,Executor1,Stage1-2-0,0,0,0,0,0,0,0,0
1781922029615,Executor0,Stage0-0-0,0,0,0,0,0,0,0,0
1781922029615,Executor0,Stage0-1-0,0,0,0,0,0,0,0,0
1781922029615,Executor0,Stage0-2-0,0,0,0,0,0,0,0,0
1781922029615,Executor0,Stage0-3-0,0,0,0,0,0,0,0,0
1781922029623,nx-q0-nexmark-metrics-phase1-fix-20260619-211810-211905,Executor0,Stage0-0-0,0,12500,12500,32814,0,0,2185,1728531
1781922029623,nx-q0-nexmark-metrics-phase1-fix-20260619-211810-211905,Executor0,Stage0-1-0,0,12502,12502,30482,0,0,2353,1728919
1781922029623,nx-q0-nexmark-metrics-phase1-fix-20260619-211810-211905,Executor0,Stage0-2-0,0,12500,12500,30354,0,0,2044,1729859
1781922029623,nx-q0-nexmark-metrics-phase1-fix-20260619-211810-211905,Executor0,Stage0-3-0,0,12498,12498,25032,0,0,2104,1718490
1781922029714,nx-q0-nexmark-metrics-phase1-fix-20260619-211810-211905,Executor1,Stage1-2-0,0,12188,0,109898,51754,1574395,0,0
1781922030201,Executor1,Stage1-1-0,0,0,0,0,0,0,0,0
1781922030201,Executor0,Stage0-0-0,0,0,0,0,0,0,0,0
1781922030201,Executor0,Stage0-1-0,0,0,0,0,0,0,0,0
1781922030201,Executor0,Stage0-2-0,0,0,0,0,0,0,0,0
1781922030201,Executor0,Stage0-3-0,0,0,0,0,0,0,0,0
1781922030604,Executor1,Stage1-2-0,0,0,0,0,0,0,0,0
1781922030615,Executor0,Stage0-0-0,0,0,0,0,0,0,0,0
1781922030615,Executor0,Stage0-1-0,0,0,0,0,0,0,0,0
1781922030615,Executor0,Stage0-2-0,0,0,0,0,0,0,0,0
1781922030615,Executor0,Stage0-3-0,0,0,0,0,0,0,0,0
1781922030623,nx-q0-nexmark-metrics-phase1-fix-20260619-211810-211905,Executor0,Stage0-0-0,0,12498,12498,48030,0,0,837,1723476
1781922030623,nx-q0-nexmark-metrics-phase1-fix-20260619-211810-211905,Executor0,Stage0-1-0,0,12498,12498,25314,0,0,853,1732888
1781922030623,nx-q0-nexmark-metrics-phase1-fix-20260619-211810-211905,Executor0,Stage0-2-0,0,12502,12502,28291,0,0,1015,1727088
1781922030623,nx-q0-nexmark-metrics-phase1-fix-20260619-211810-211905,Executor0,Stage0-3-0,0,12502,12502,51490,0,0,943,1716950
1781922030715,nx-q0-nexmark-metrics-phase1-fix-20260619-211810-211905,Executor1,Stage1-2-0,0,12613,0,140789,33858,1627644,0,0
1781922031201,Executor0,Stage0-0-0,0,0,0,0,0,0,0,0
1781922031201,Executor0,Stage0-1-0,0,0,0,0,0,0,0,0
1781922031201,Executor0,Stage0-2-0,0,0,0,0,0,0,0,0
1781922031201,Executor0,Stage0-3-0,0,0,0,0,0,0,0,0
1781922031201,Executor1,Stage1-1-0,0,0,0,0,0,0,0,0
1781922031604,Executor1,Stage1-2-0,0,0,0,0,0,0,0,0
1781922031615,Executor0,Stage0-0-0,0,0,0,0,0,0,0,0
1781922031615,Executor0,Stage0-1-0,0,0,0,0,0,0,0,0
1781922031615,Executor0,Stage0-2-0,0,0,0,0,0,0,0,0
1781922031615,Executor0,Stage0-3-0,0,0,0,0,0,0,0,0
1781922031623,nx-q0-nexmark-metrics-phase1-fix-20260619-211810-211905,Executor0,Stage0-0-0,0,12500,12500,18981,0,0,1452,1727484
1781922031623,nx-q0-nexmark-metrics-phase1-fix-20260619-211810-211905,Executor0,Stage0-1-0,0,12498,12498,17998,0,0,1342,1720730
1781922031623,nx-q0-nexmark-metrics-phase1-fix-20260619-211810-211905,Executor0,Stage0-2-0,0,12500,12500,20383,0,0,1300,1728479
1781922031623,nx-q0-nexmark-metrics-phase1-fix-20260619-211810-211905,Executor0,Stage0-3-0,0,12502,12502,22354,0,0,1382,1728871
1781922031715,nx-q0-nexmark-metrics-phase1-fix-20260619-211810-211905,Executor1,Stage1-2-0,0,12603,0,99112,27215,1630766,0,0
1781922032201,Executor0,Stage0-0-0,0,0,0,0,0,0,0,0
1781922032201,Executor0,Stage0-1-0,0,0,0,0,0,0,0,0
1781922032201,Executor0,Stage0-2-0,0,0,0,0,0,0,0,0
1781922032201,Executor0,Stage0-3-0,0,0,0,0,0,0,0,0
1781922032201,Executor1,Stage1-1-0,0,0,0,0,0,0,0,0
1781922032604,Executor1,Stage1-2-0,0,0,0,0,0,0,0,0
1781922032615,Executor0,Stage0-0-0,0,0,0,0,0,0,0,0
1781922032615,Executor0,Stage0-1-0,0,0,0,0,0,0,0,0
1781922032615,Executor0,Stage0-2-0,0,0,0,0,0,0,0,0
1781922032615,Executor0,Stage0-3-0,0,0,0,0,0,0,0,0
1781922032623,nx-q0-nexmark-metrics-phase1-fix-20260619-211810-211905,Executor0,Stage0-0-0,0,12502,12502,21117,0,0,822,1729894
1781922032623,nx-q0-nexmark-metrics-phase1-fix-20260619-211810-211905,Executor0,Stage0-1-0,0,12502,12502,20020,0,0,867,1730811
1781922032623,nx-q0-nexmark-metrics-phase1-fix-20260619-211810-211905,Executor0,Stage0-2-0,0,12498,12498,18685,0,0,1064,1732808
1781922032623,nx-q0-nexmark-metrics-phase1-fix-20260619-211810-211905,Executor0,Stage0-3-0,0,12498,12498,19648,0,0,742,1726828
1781922032714,nx-q0-nexmark-metrics-phase1-fix-20260619-211810-211905,Executor1,Stage1-2-0,0,12445,0,70882,15662,1606115,0,0
1781922033201,Executor1,Stage1-1-0,0,0,0,0,0,0,0,0
1781922033201,Executor0,Stage0-0-0,0,0,0,0,0,0,0,0
1781922033201,Executor0,Stage0-1-0,0,0,0,0,0,0,0,0
1781922033201,Executor0,Stage0-2-0,0,0,0,0,0,0,0,0
1781922033201,Executor0,Stage0-3-0,0,0,0,0,0,0,0,0
1781922033604,Executor1,Stage1-2-0,0,0,0,0,0,0,0,0
1781922033615,Executor0,Stage0-0-0,0,0,0,0,0,0,0,0
1781922033615,Executor0,Stage0-1-0,0,0,0,0,0,0,0,0
1781922033615,Executor0,Stage0-2-0,0,0,0,0,0,0,0,0
1781922033615,Executor0,Stage0-3-0,0,0,0,0,0,0,0,0
1781922033623,nx-q0-nexmark-metrics-phase1-fix-20260619-211810-211905,Executor0,Stage0-0-0,0,12500,12500,20864,0,0,1543,1728623
1781922033623,nx-q0-nexmark-metrics-phase1-fix-20260619-211810-211905,Executor0,Stage0-1-0,0,12502,12502,21701,0,0,2485,1728737
1781922033623,nx-q0-nexmark-metrics-phase1-fix-20260619-211810-211905,Executor0,Stage0-2-0,0,12500,12500,20447,0,0,2702,1727183
1781922033623,nx-q0-nexmark-metrics-phase1-fix-20260619-211810-211905,Executor0,Stage0-3-0,0,12498,12498,22607,0,0,2504,1720225
1781922033714,nx-q0-nexmark-metrics-phase1-fix-20260619-211810-211905,Executor1,Stage1-2-0,0,12390,0,68088,14488,1599969,0,0
1781922034201,Executor1,Stage1-1-0,0,0,0,0,0,0,0,0
1781922034201,Executor0,Stage0-0-0,0,0,0,0,0,0,0,0
1781922034201,Executor0,Stage0-1-0,0,0,0,0,0,0,0,0
1781922034201,Executor0,Stage0-2-0,0,0,0,0,0,0,0,0
1781922034201,Executor0,Stage0-3-0,0,0,0,0,0,0,0,0
1781922034604,Executor1,Stage1-2-0,0,0,0,0,0,0,0,0
1781922034615,Executor0,Stage0-0-0,0,0,0,0,0,0,0,0
1781922034615,Executor0,Stage0-1-0,0,0,0,0,0,0,0,0
1781922034615,Executor0,Stage0-2-0,0,0,0,0,0,0,0,0
1781922034615,Executor0,Stage0-3-0,0,0,0,0,0,0,0,0
1781922034623,nx-q0-nexmark-metrics-phase1-fix-20260619-211810-211905,Executor0,Stage0-0-0,0,12498,12498,21956,0,0,1752,1725930
1781922034623,nx-q0-nexmark-metrics-phase1-fix-20260619-211810-211905,Executor0,Stage0-1-0,0,12498,12498,25422,0,0,1914,1728880
1781922034623,nx-q0-nexmark-metrics-phase1-fix-20260619-211810-211905,Executor0,Stage0-2-0,0,12502,12502,31078,0,0,1763,1725980
1781922034623,nx-q0-nexmark-metrics-phase1-fix-20260619-211810-211905,Executor0,Stage0-3-0,0,12502,12502,26197,0,0,1927,1726619
1781922034714,nx-q0-nexmark-metrics-phase1-fix-20260619-211810-211905,Executor1,Stage1-2-0,0,12314,0,90054,16026,1593978,0,0
1781922035201,Executor1,Stage1-1-0,0,0,0,0,0,0,0,0
1781922035201,Executor0,Stage0-0-0,0,0,0,0,0,0,0,0
1781922035201,Executor0,Stage0-1-0,0,0,0,0,0,0,0,0
1781922035201,Executor0,Stage0-2-0,0,0,0,0,0,0,0,0
1781922035201,Executor0,Stage0-3-0,0,0,0,0,0,0,0,0
1781922035604,Executor1,Stage1-2-0,0,0,0,0,0,0,0,0
1781922035615,Executor0,Stage0-0-0,0,0,0,0,0,0,0,0
1781922035615,Executor0,Stage0-1-0,0,0,0,0,0,0,0,0
1781922035615,Executor0,Stage0-2-0,0,0,0,0,0,0,0,0
1781922035615,Executor0,Stage0-3-0,0,0,0,0,0,0,0,0
1781922035623,nx-q0-nexmark-metrics-phase1-fix-20260619-211810-211905,Executor0,Stage0-0-0,0,12500,12500,23061,0,0,972,1728820
1781922035623,nx-q0-nexmark-metrics-phase1-fix-20260619-211810-211905,Executor0,Stage0-1-0,0,12498,12498,25545,0,0,1183,1729579
1781922035623,nx-q0-nexmark-metrics-phase1-fix-20260619-211810-211905,Executor0,Stage0-2-0,0,12500,12500,19189,0,0,1416,1730488
1781922035623,nx-q0-nexmark-metrics-phase1-fix-20260619-211810-211905,Executor0,Stage0-3-0,0,12502,12502,24131,0,0,1209,1727903
1781922035714,nx-q0-nexmark-metrics-phase1-fix-20260619-211810-211905,Executor1,Stage1-2-0,0,12524,0,68106,14648,1611716,0,0
1781922036201,Executor0,Stage0-0-0,0,0,0,0,0,0,0,0
1781922036201,Executor0,Stage0-1-0,0,0,0,0,0,0,0,0
1781922036201,Executor0,Stage0-2-0,0,0,0,0,0,0,0,0
1781922036201,Executor0,Stage0-3-0,0,0,0,0,0,0,0,0
1781922036201,Executor1,Stage1-1-0,0,0,0,0,0,0,0,0
1781922036604,Executor1,Stage1-2-0,0,0,0,0,0,0,0,0
1781922036615,Executor0,Stage0-0-0,0,0,0,0,0,0,0,0
1781922036615,Executor0,Stage0-1-0,0,0,0,0,0,0,0,0
1781922036615,Executor0,Stage0-2-0,0,0,0,0,0,0,0,0
1781922036615,Executor0,Stage0-3-0,0,0,0,0,0,0,0,0
1781922036623,nx-q0-nexmark-metrics-phase1-fix-20260619-211810-211905,Executor0,Stage0-0-0,0,12502,12502,18133,0,0,1067,1724299
1781922036623,nx-q0-nexmark-metrics-phase1-fix-20260619-211810-211905,Executor0,Stage0-1-0,0,12502,12502,18721,0,0,974,1730640
1781922036623,nx-q0-nexmark-metrics-phase1-fix-20260619-211810-211905,Executor0,Stage0-2-0,0,12498,12498,18767,0,0,996,1721653
1781922036623,nx-q0-nexmark-metrics-phase1-fix-20260619-211810-211905,Executor0,Stage0-3-0,0,12498,12498,31356,0,0,1143,1726221
1781922036714,nx-q0-nexmark-metrics-phase1-fix-20260619-211810-211905,Executor1,Stage1-2-0,0,12452,0,79392,16679,1613922,0,0
1781922037201,Executor1,Stage1-1-0,0,0,0,0,0,0,0,0
1781922037201,Executor0,Stage0-0-0,0,0,0,0,0,0,0,0
1781922037201,Executor0,Stage0-1-0,0,0,0,0,0,0,0,0
1781922037201,Executor0,Stage0-2-0,0,0,0,0,0,0,0,0
1781922037201,Executor0,Stage0-3-0,0,0,0,0,0,0,0,0
1781922037604,Executor1,Stage1-2-0,0,0,0,0,0,0,0,0
1781922037615,Executor0,Stage0-0-0,0,0,0,0,0,0,0,0
1781922037615,Executor0,Stage0-1-0,0,0,0,0,0,0,0,0
1781922037615,Executor0,Stage0-2-0,0,0,0,0,0,0,0,0
1781922037615,Executor0,Stage0-3-0,0,0,0,0,0,0,0,0
1781922037623,nx-q0-nexmark-metrics-phase1-fix-20260619-211810-211905,Executor0,Stage0-0-0,0,12500,12500,20962,0,0,1099,1727929
1781922037623,nx-q0-nexmark-metrics-phase1-fix-20260619-211810-211905,Executor0,Stage0-1-0,0,12502,12502,21086,0,0,1214,1727802
1781922037623,nx-q0-nexmark-metrics-phase1-fix-20260619-211810-211905,Executor0,Stage0-2-0,0,12500,12500,19334,0,0,1373,1730224
1781922037623,nx-q0-nexmark-metrics-phase1-fix-20260619-211810-211905,Executor0,Stage0-3-0,0,12498,12498,19936,0,0,1307,1729256
1781922037714,nx-q0-nexmark-metrics-phase1-fix-20260619-211810-211905,Executor1,Stage1-2-0,0,12530,0,96266,26426,1623335,0,0
1781922038201,Executor1,Stage1-1-0,0,0,0,0,0,0,0,0
1781922038201,Executor0,Stage0-0-0,0,0,0,0,0,0,0,0
1781922038201,Executor0,Stage0-1-0,0,0,0,0,0,0,0,0
1781922038201,Executor0,Stage0-2-0,0,0,0,0,0,0,0,0
1781922038201,Executor0,Stage0-3-0,0,0,0,0,0,0,0,0
1781922038605,Executor1,Stage1-2-0,0,0,0,0,0,0,0,0
1781922038615,Executor0,Stage0-0-0,0,0,0,0,0,0,0,0
1781922038615,Executor0,Stage0-1-0,0,0,0,0,0,0,0,0
1781922038615,Executor0,Stage0-2-0,0,0,0,0,0,0,0,0
1781922038615,Executor0,Stage0-3-0,0,0,0,0,0,0,0,0
1781922038623,nx-q0-nexmark-metrics-phase1-fix-20260619-211810-211905,Executor0,Stage0-0-0,0,12498,12498,22657,0,0,2244,1727678
1781922038623,nx-q0-nexmark-metrics-phase1-fix-20260619-211810-211905,Executor0,Stage0-1-0,0,12498,12498,25023,0,0,2230,1725728
1781922038623,nx-q0-nexmark-metrics-phase1-fix-20260619-211810-211905,Executor0,Stage0-2-0,0,12502,12502,24193,0,0,2706,1728857
1781922038623,nx-q0-nexmark-metrics-phase1-fix-20260619-211810-211905,Executor0,Stage0-3-0,0,12502,12502,28009,0,0,2525,1730543
1781922038715,nx-q0-nexmark-metrics-phase1-fix-20260619-211810-211905,Executor1,Stage1-2-0,0,12503,0,101197,28278,1618483,0,0
1781922039201,Executor0,Stage0-0-0,0,0,0,0,0,0,0,0
1781922039201,Executor0,Stage0-1-0,0,0,0,0,0,0,0,0
1781922039201,Executor0,Stage0-2-0,0,0,0,0,0,0,0,0
1781922039201,Executor0,Stage0-3-0,0,0,0,0,0,0,0,0
1781922039201,Executor1,Stage1-1-0,0,0,0,0,0,0,0,0
1781922039604,Executor1,Stage1-2-0,0,0,0,0,0,0,0,0
1781922039615,Executor0,Stage0-0-0,0,0,0,0,0,0,0,0
1781922039615,Executor0,Stage0-1-0,0,0,0,0,0,0,0,0
1781922039615,Executor0,Stage0-2-0,0,0,0,0,0,0,0,0
1781922039615,Executor0,Stage0-3-0,0,0,0,0,0,0,0,0
1781922039623,nx-q0-nexmark-metrics-phase1-fix-20260619-211810-211905,Executor0,Stage0-0-0,0,12500,12500,24526,0,0,2394,1729212
1781922039623,nx-q0-nexmark-metrics-phase1-fix-20260619-211810-211905,Executor0,Stage0-1-0,0,12498,12498,32368,0,0,2305,1723791
1781922039623,nx-q0-nexmark-metrics-phase1-fix-20260619-211810-211905,Executor0,Stage0-2-0,0,12500,12500,25866,0,0,2863,1728689
1781922039623,nx-q0-nexmark-metrics-phase1-fix-20260619-211810-211905,Executor0,Stage0-3-0,0,12502,12502,28165,0,0,2604,1728870
1781922039715,nx-q0-nexmark-metrics-phase1-fix-20260619-211810-211905,Executor1,Stage1-2-0,0,12347,0,106206,44396,1595397,0,0
1781922040201,Executor0,Stage0-0-0,0,0,0,0,0,0,0,0
1781922040201,Executor0,Stage0-1-0,0,0,0,0,0,0,0,0
1781922040201,Executor0,Stage0-2-0,0,0,0,0,0,0,0,0
1781922040201,Executor0,Stage0-3-0,0,0,0,0,0,0,0,0
1781922040201,Executor1,Stage1-1-0,0,0,0,0,0,0,0,0
1781922040604,Executor1,Stage1-2-0,0,0,0,0,0,0,0,0
1781922040615,Executor0,Stage0-0-0,0,0,0,0,0,0,0,0
1781922040615,Executor0,Stage0-1-0,0,0,0,0,0,0,0,0
1781922040615,Executor0,Stage0-2-0,0,0,0,0,0,0,0,0
1781922040615,Executor0,Stage0-3-0,0,0,0,0,0,0,0,0
1781922040623,nx-q0-nexmark-metrics-phase1-fix-20260619-211810-211905,Executor0,Stage0-0-0,0,12476,12476,20083,0,0,1145,1719173
1781922040623,nx-q0-nexmark-metrics-phase1-fix-20260619-211810-211905,Executor0,Stage0-1-0,0,12477,12477,20275,0,0,1100,1722368
1781922040623,nx-q0-nexmark-metrics-phase1-fix-20260619-211810-211905,Executor0,Stage0-2-0,0,12475,12475,20917,0,0,1225,1718219
1781922040623,nx-q0-nexmark-metrics-phase1-fix-20260619-211810-211905,Executor0,Stage0-3-0,0,12472,12472,23565,0,0,1108,1719931
1781922040715,nx-q0-nexmark-metrics-phase1-fix-20260619-211810-211905,Executor1,Stage1-2-0,0,12441,0,121970,34476,1617140,0,0
1781922041201,Executor0,Stage0-0-0,0,0,0,0,0,0,0,0
1781922041201,Executor0,Stage0-1-0,0,0,0,0,0,0,0,0
1781922041201,Executor0,Stage0-2-0,0,0,0,0,0,0,0,0
1781922041201,Executor0,Stage0-3-0,0,0,0,0,0,0,0,0
1781922041201,Executor1,Stage1-1-0,0,0,0,0,0,0,0,0
1781922041604,Executor1,Stage1-2-0,0,0,0,0,0,0,0,0
1781922041615,Executor0,Stage0-0-0,0,0,0,0,0,0,0,0
1781922041615,Executor0,Stage0-1-0,0,0,0,0,0,0,0,0
1781922041615,Executor0,Stage0-2-0,0,0,0,0,0,0,0,0
1781922041615,Executor0,Stage0-3-0,0,0,0,0,0,0,0,0
1781922041623,nx-q0-nexmark-metrics-phase1-fix-20260619-211810-211905,Executor0,Stage0-0-0,0,0,0,0,0,0,0,0
1781922041623,nx-q0-nexmark-metrics-phase1-fix-20260619-211810-211905,Executor0,Stage0-1-0,0,0,0,0,0,0,0,0
1781922041623,nx-q0-nexmark-metrics-phase1-fix-20260619-211810-211905,Executor0,Stage0-2-0,0,0,0,0,0,0,0,0
1781922041623,nx-q0-nexmark-metrics-phase1-fix-20260619-211810-211905,Executor0,Stage0-3-0,0,0,0,0,0,0,0,0
1781922041714,nx-q0-nexmark-metrics-phase1-fix-20260619-211810-211905,Executor1,Stage1-2-0,0,13,0,119,29,1607,0,0
1781922042201,Executor1,Stage1-1-0,0,0,0,0,0,0,0,0
1781922042201,Executor0,Stage0-0-0,0,0,0,0,0,0,0,0
1781922042201,Executor0,Stage0-1-0,0,0,0,0,0,0,0,0
1781922042201,Executor0,Stage0-2-0,0,0,0,0,0,0,0,0
1781922042201,Executor0,Stage0-3-0,0,0,0,0,0,0,0,0
1781922042604,Executor1,Stage1-2-0,0,0,0,0,0,0,0,0
1781922042615,Executor0,Stage0-0-0,0,0,0,0,0,0,0,0
1781922042615,Executor0,Stage0-1-0,0,0,0,0,0,0,0,0
1781922042615,Executor0,Stage0-2-0,0,0,0,0,0,0,0,0
1781922042615,Executor0,Stage0-3-0,0,0,0,0,0,0,0,0
1781922042623,nx-q0-nexmark-metrics-phase1-fix-20260619-211810-211905,Executor0,Stage0-0-0,0,0,0,0,0,0,0,0
1781922042623,nx-q0-nexmark-metrics-phase1-fix-20260619-211810-211905,Executor0,Stage0-1-0,0,0,0,0,0,0,0,0
1781922042623,nx-q0-nexmark-metrics-phase1-fix-20260619-211810-211905,Executor0,Stage0-2-0,0,0,0,0,0,0,0,0
1781922042623,nx-q0-nexmark-metrics-phase1-fix-20260619-211810-211905,Executor0,Stage0-3-0,0,0,0,0,0,0,0,0
1781922042714,nx-q0-nexmark-metrics-phase1-fix-20260619-211810-211905,Executor1,Stage1-2-0,0,0,0,0,0,0,0,0
1781922043201,Executor1,Stage1-1-0,0,0,0,0,0,0,0,0
1781922043201,Executor0,Stage0-0-0,0,0,0,0,0,0,0,0
1781922043201,Executor0,Stage0-1-0,0,0,0,0,0,0,0,0
1781922043201,Executor0,Stage0-2-0,0,0,0,0,0,0,0,0
1781922043201,Executor0,Stage0-3-0,0,0,0,0,0,0,0,0
1781922043604,Executor1,Stage1-2-0,0,0,0,0,0,0,0,0
1781922043615,Executor0,Stage0-0-0,0,0,0,0,0,0,0,0
1781922043615,Executor0,Stage0-1-0,0,0,0,0,0,0,0,0
1781922043615,Executor0,Stage0-2-0,0,0,0,0,0,0,0,0
1781922043615,Executor0,Stage0-3-0,0,0,0,0,0,0,0,0
1781922043623,nx-q0-nexmark-metrics-phase1-fix-20260619-211810-211905,Executor0,Stage0-0-0,0,0,0,0,0,0,0,0
1781922043623,nx-q0-nexmark-metrics-phase1-fix-20260619-211810-211905,Executor0,Stage0-1-0,0,0,0,0,0,0,0,0
1781922043623,nx-q0-nexmark-metrics-phase1-fix-20260619-211810-211905,Executor0,Stage0-2-0,0,0,0,0,0,0,0,0
1781922043623,nx-q0-nexmark-metrics-phase1-fix-20260619-211810-211905,Executor0,Stage0-3-0,0,0,0,0,0,0,0,0
1781922043714,nx-q0-nexmark-metrics-phase1-fix-20260619-211810-211905,Executor1,Stage1-2-0,0,0,0,0,0,0,0,0
1781922044201,Executor0,Stage0-0-0,0,0,0,0,0,0,0,0
1781922044201,Executor0,Stage0-1-0,0,0,0,0,0,0,0,0
1781922044201,Executor0,Stage0-2-0,0,0,0,0,0,0,0,0
1781922044201,Executor0,Stage0-3-0,0,0,0,0,0,0,0,0
1781922044201,Executor1,Stage1-1-0,0,0,0,0,0,0,0,0
1781922044604,Executor1,Stage1-2-0,0,0,0,0,0,0,0,0
1781922044615,Executor0,Stage0-0-0,0,0,0,0,0,0,0,0
1781922044615,Executor0,Stage0-1-0,0,0,0,0,0,0,0,0
1781922044615,Executor0,Stage0-2-0,0,0,0,0,0,0,0,0
1781922044615,Executor0,Stage0-3-0,0,0,0,0,0,0,0,0
1781922044623,nx-q0-nexmark-metrics-phase1-fix-20260619-211810-211905,Executor0,Stage0-0-0,0,0,0,0,0,0,0,0
1781922044623,nx-q0-nexmark-metrics-phase1-fix-20260619-211810-211905,Executor0,Stage0-1-0,0,0,0,0,0,0,0,0
1781922044623,nx-q0-nexmark-metrics-phase1-fix-20260619-211810-211905,Executor0,Stage0-2-0,0,0,0,0,0,0,0,0
1781922044623,nx-q0-nexmark-metrics-phase1-fix-20260619-211810-211905,Executor0,Stage0-3-0,0,0,0,0,0,0,0,0
1781922044714,nx-q0-nexmark-metrics-phase1-fix-20260619-211810-211905,Executor1,Stage1-2-0,0,0,0,0,0,0,0,0
1781922045201,Executor0,Stage0-0-0,0,0,0,0,0,0,0,0
1781922045201,Executor0,Stage0-1-0,0,0,0,0,0,0,0,0
1781922045201,Executor0,Stage0-2-0,0,0,0,0,0,0,0,0
1781922045201,Executor0,Stage0-3-0,0,0,0,0,0,0,0,0
1781922045201,Executor1,Stage1-1-0,0,0,0,0,0,0,0,0
1781922045604,Executor1,Stage1-2-0,0,0,0,0,0,0,0,0
1781922045615,Executor0,Stage0-0-0,0,0,0,0,0,0,0,0
1781922045615,Executor0,Stage0-1-0,0,0,0,0,0,0,0,0
1781922045615,Executor0,Stage0-2-0,0,0,0,0,0,0,0,0
1781922045615,Executor0,Stage0-3-0,0,0,0,0,0,0,0,0
1781922045623,nx-q0-nexmark-metrics-phase1-fix-20260619-211810-211905,Executor0,Stage0-0-0,0,0,0,0,0,0,0,0
1781922045623,nx-q0-nexmark-metrics-phase1-fix-20260619-211810-211905,Executor0,Stage0-1-0,0,0,0,0,0,0,0,0
1781922045623,nx-q0-nexmark-metrics-phase1-fix-20260619-211810-211905,Executor0,Stage0-2-0,0,0,0,0,0,0,0,0
1781922045623,nx-q0-nexmark-metrics-phase1-fix-20260619-211810-211905,Executor0,Stage0-3-0,0,0,0,0,0,0,0,0
1781922045714,nx-q0-nexmark-metrics-phase1-fix-20260619-211810-211905,Executor1,Stage1-2-0,0,0,0,0,0,0,0,0
1781922046201,Executor0,Stage0-0-0,0,0,0,0,0,0,0,0
1781922046201,Executor0,Stage0-1-0,0,0,0,0,0,0,0,0
1781922046201,Executor0,Stage0-2-0,0,0,0,0,0,0,0,0
1781922046201,Executor0,Stage0-3-0,0,0,0,0,0,0,0,0
1781922046201,Executor1,Stage1-1-0,0,0,0,0,0,0,0,0
1781922046604,Executor1,Stage1-2-0,0,0,0,0,0,0,0,0
1781922046615,Executor0,Stage0-0-0,0,0,0,0,0,0,0,0
1781922046615,Executor0,Stage0-1-0,0,0,0,0,0,0,0,0
1781922046615,Executor0,Stage0-2-0,0,0,0,0,0,0,0,0
1781922046615,Executor0,Stage0-3-0,0,0,0,0,0,0,0,0
1781922046623,nx-q0-nexmark-metrics-phase1-fix-20260619-211810-211905,Executor0,Stage0-0-0,0,0,0,0,0,0,0,0
1781922046623,nx-q0-nexmark-metrics-phase1-fix-20260619-211810-211905,Executor0,Stage0-1-0,0,0,0,0,0,0,0,0
1781922046623,nx-q0-nexmark-metrics-phase1-fix-20260619-211810-211905,Executor0,Stage0-2-0,0,0,0,0,0,0,0,0
1781922046623,nx-q0-nexmark-metrics-phase1-fix-20260619-211810-211905,Executor0,Stage0-3-0,0,0,0,0,0,0,0,0
1781922046714,nx-q0-nexmark-metrics-phase1-fix-20260619-211810-211905,Executor1,Stage1-2-0,0,0,0,0,0,0,0,0
1781922047201,Executor0,Stage0-0-0,0,0,0,0,0,0,0,0
1781922047201,Executor0,Stage0-1-0,0,0,0,0,0,0,0,0
1781922047201,Executor0,Stage0-2-0,0,0,0,0,0,0,0,0
1781922047201,Executor0,Stage0-3-0,0,0,0,0,0,0,0,0
1781922047201,Executor1,Stage1-1-0,0,0,0,0,0,0,0,0
1781922047604,Executor1,Stage1-2-0,0,0,0,0,0,0,0,0
1781922047615,Executor0,Stage0-0-0,0,0,0,0,0,0,0,0
1781922047615,Executor0,Stage0-1-0,0,0,0,0,0,0,0,0
1781922047615,Executor0,Stage0-2-0,0,0,0,0,0,0,0,0
1781922047615,Executor0,Stage0-3-0,0,0,0,0,0,0,0,0
1781922047623,nx-q0-nexmark-metrics-phase1-fix-20260619-211810-211905,Executor0,Stage0-0-0,0,0,0,0,0,0,0,0
1781922047623,nx-q0-nexmark-metrics-phase1-fix-20260619-211810-211905,Executor0,Stage0-1-0,0,0,0,0,0,0,0,0
1781922047623,nx-q0-nexmark-metrics-phase1-fix-20260619-211810-211905,Executor0,Stage0-2-0,0,0,0,0,0,0,0,0
1781922047623,nx-q0-nexmark-metrics-phase1-fix-20260619-211810-211905,Executor0,Stage0-3-0,0,0,0,0,0,0,0,0
1781922047715,nx-q0-nexmark-metrics-phase1-fix-20260619-211810-211905,Executor1,Stage1-2-0,0,0,0,0,0,0,0,0
1781922048201,Executor0,Stage0-0-0,0,0,0,0,0,0,0,0
1781922048201,Executor0,Stage0-1-0,0,0,0,0,0,0,0,0
1781922048201,Executor0,Stage0-2-0,0,0,0,0,0,0,0,0
1781922048201,Executor0,Stage0-3-0,0,0,0,0,0,0,0,0
1781922048201,Executor1,Stage1-1-0,0,0,0,0,0,0,0,0
1781922048604,Executor1,Stage1-2-0,0,0,0,0,0,0,0,0
1781922048615,Executor0,Stage0-0-0,0,0,0,0,0,0,0,0
1781922048615,Executor0,Stage0-1-0,0,0,0,0,0,0,0,0
1781922048615,Executor0,Stage0-2-0,0,0,0,0,0,0,0,0
1781922048615,Executor0,Stage0-3-0,0,0,0,0,0,0,0,0
1781922048623,nx-q0-nexmark-metrics-phase1-fix-20260619-211810-211905,Executor0,Stage0-0-0,0,0,0,0,0,0,0,0
1781922048623,nx-q0-nexmark-metrics-phase1-fix-20260619-211810-211905,Executor0,Stage0-1-0,0,0,0,0,0,0,0,0
1781922048623,nx-q0-nexmark-metrics-phase1-fix-20260619-211810-211905,Executor0,Stage0-2-0,0,0,0,0,0,0,0,0
1781922048623,nx-q0-nexmark-metrics-phase1-fix-20260619-211810-211905,Executor0,Stage0-3-0,0,0,0,0,0,0,0,0
1781922048714,nx-q0-nexmark-metrics-phase1-fix-20260619-211810-211905,Executor1,Stage1-2-0,0,0,0,0,0,0,0,0
1781922049201,Executor0,Stage0-0-0,0,0,0,0,0,0,0,0
1781922049201,Executor0,Stage0-1-0,0,0,0,0,0,0,0,0
1781922049201,Executor0,Stage0-2-0,0,0,0,0,0,0,0,0
1781922049201,Executor0,Stage0-3-0,0,0,0,0,0,0,0,0
1781922049201,Executor1,Stage1-1-0,0,0,0,0,0,0,0,0
1781922049604,Executor1,Stage1-2-0,0,0,0,0,0,0,0,0
1781922049615,Executor0,Stage0-0-0,0,0,0,0,0,0,0,0
1781922049615,Executor0,Stage0-1-0,0,0,0,0,0,0,0,0
1781922049615,Executor0,Stage0-2-0,0,0,0,0,0,0,0,0
1781922049615,Executor0,Stage0-3-0,0,0,0,0,0,0,0,0
1781922049623,nx-q0-nexmark-metrics-phase1-fix-20260619-211810-211905,Executor0,Stage0-0-0,0,0,0,0,0,0,0,0
1781922049623,nx-q0-nexmark-metrics-phase1-fix-20260619-211810-211905,Executor0,Stage0-1-0,0,0,0,0,0,0,0,0
1781922049623,nx-q0-nexmark-metrics-phase1-fix-20260619-211810-211905,Executor0,Stage0-2-0,0,0,0,0,0,0,0,0
1781922049623,nx-q0-nexmark-metrics-phase1-fix-20260619-211810-211905,Executor0,Stage0-3-0,0,0,0,0,0,0,0,0
1781922049714,nx-q0-nexmark-metrics-phase1-fix-20260619-211810-211905,Executor1,Stage1-2-0,0,0,0,0,0,0,0,0
1781922050201,Executor0,Stage0-0-0,0,0,0,0,0,0,0,0
1781922050201,Executor0,Stage0-1-0,0,0,0,0,0,0,0,0
1781922050201,Executor0,Stage0-2-0,0,0,0,0,0,0,0,0
1781922050201,Executor0,Stage0-3-0,0,0,0,0,0,0,0,0
1781922050201,Executor1,Stage1-1-0,0,0,0,0,0,0,0,0
1781922050604,Executor1,Stage1-2-0,0,0,0,0,0,0,0,0
1781922050615,Executor0,Stage0-0-0,0,0,0,0,0,0,0,0
1781922050615,Executor0,Stage0-1-0,0,0,0,0,0,0,0,0
1781922050615,Executor0,Stage0-2-0,0,0,0,0,0,0,0,0
1781922050615,Executor0,Stage0-3-0,0,0,0,0,0,0,0,0
1781922050623,nx-q0-nexmark-metrics-phase1-fix-20260619-211810-211905,Executor0,Stage0-0-0,0,0,0,0,0,0,0,0
1781922050623,nx-q0-nexmark-metrics-phase1-fix-20260619-211810-211905,Executor0,Stage0-1-0,0,0,0,0,0,0,0,0
1781922050623,nx-q0-nexmark-metrics-phase1-fix-20260619-211810-211905,Executor0,Stage0-2-0,0,0,0,0,0,0,0,0
1781922050623,nx-q0-nexmark-metrics-phase1-fix-20260619-211810-211905,Executor0,Stage0-3-0,0,0,0,0,0,0,0,0
1781922050714,nx-q0-nexmark-metrics-phase1-fix-20260619-211810-211905,Executor1,Stage1-2-0,0,0,0,0,0,0,0,0
