timestamp_ms,hostname,role,cpu_util,rm_rss_kb,nm_rss_kb,dn_rss_kb,nn_rss_kb,kafka_rss_kb,producer_rss_kb,nemo_rss_kb,reef_rss_kb,vmworker_rss_kb,rx_bytes,tx_bytes,disk_read_bytes,disk_write_bytes
1784137795610,node10,compute,0.0004,0,238280,0,0,0,0,0,0,0,6586161,2196761,252643840,18119377408
1784137796934,node10,compute,0.0057,0,238280,0,0,0,0,0,0,0,6586250,2196763,252643840,18119377408
1784137798243,node10,compute,0.0049,0,238280,0,0,0,0,0,0,0,6586296,2196765,252643840,18119594496
1784137799562,node10,compute,0.0053,0,238280,0,0,0,0,0,0,0,6586381,2196770,252643840,18119594496
1784137800883,node10,compute,0.0053,0,238280,0,0,0,0,0,0,0,6586432,2196772,252643840,18120184320
1784137802196,node10,compute,0.0056,0,238280,0,0,0,0,0,0,0,6586509,2196774,252643840,18120184320
1784137803502,node10,compute,0.0052,0,238280,0,0,0,0,0,0,0,6586545,2196778,252643840,18120208896
1784137804815,node10,compute,0.0054,0,238280,0,0,0,0,0,0,0,6586585,2196780,252643840,18120208896
1784137806122,node10,compute,0.0063,0,238280,0,0,0,0,0,0,0,6586766,2196783,252643840,18120212992
1784137807432,node10,compute,0.0050,0,238280,0,0,0,0,0,0,0,6586817,2196785,252643840,18120212992
1784137808739,node10,compute,0.0049,0,238280,0,0,0,0,0,0,0,6586892,2196789,252643840,18120237568
1784137810058,node10,compute,0.0056,0,238280,0,0,0,0,0,0,0,6586926,2196791,252643840,18120237568
1784137811374,node10,compute,0.0054,0,238280,0,0,0,0,0,0,0,6586970,2196793,252643840,18120241664
1784137812693,node10,compute,0.0053,0,238280,0,0,0,0,0,0,0,6587008,2196797,252643840,18120249856
1784137814008,node10,compute,0.0049,0,238544,0,0,0,0,0,0,0,6587041,2196799,252643840,18120266240
1784137815326,node10,compute,0.0053,0,238544,0,0,0,0,0,0,0,6587077,2196801,252643840,18120266240
1784137816635,node10,compute,0.0052,0,238544,0,0,0,0,0,0,0,6587126,2196805,252643840,18120270336
1784137817949,node10,compute,0.0050,0,238544,0,0,0,0,0,0,0,6587185,2196808,252643840,18120282624
1784137819268,node10,compute,0.0050,0,238764,0,0,0,0,0,0,0,6587285,2196810,252643840,18120299008
1784137820587,node10,compute,0.0054,0,238764,0,0,0,0,0,0,0,6587336,2196814,252643840,18120299008
1784137821900,node10,compute,0.0054,0,238764,0,0,0,0,0,0,0,6587371,2196817,252643840,18120303104
1784137823210,node10,compute,0.0059,0,238764,0,0,0,0,0,0,0,6587418,2196826,252643840,18120311296
1784137824522,node10,compute,0.0103,0,238764,0,0,0,0,0,0,0,6587534,2196878,252643840,18120311296
1784137825837,node10,compute,0.0052,0,238764,0,0,0,0,0,0,0,6587584,2196881,252643840,18120356352
1784137827154,node10,compute,0.0056,0,238764,0,0,0,0,0,0,0,6587631,2196883,252643840,18120360448
1784137828469,node10,compute,0.0060,0,238764,0,0,0,0,0,0,0,6587684,2196885,252643840,18120368640
1784137829782,node10,compute,0.0053,0,238764,0,0,0,0,0,0,0,6587749,2196889,252643840,18121273856
1784137831098,node10,compute,0.0050,0,238764,0,0,0,0,0,0,0,6587833,2196891,252643840,18121290240
1784137832404,node10,compute,0.0049,0,238764,0,0,0,0,0,0,0,6587871,2196893,252643840,18121294336
1784137833721,node10,compute,0.0053,0,238764,0,0,0,0,0,0,0,6587980,2196897,252643840,18121302528
1784137835035,node10,compute,0.0054,0,238764,0,0,0,0,0,0,0,6588018,2196900,252643840,18121302528
1784137836348,node10,compute,0.0054,0,238764,0,0,0,0,0,0,0,6588077,2196903,252643840,18121302528
1784137837664,node10,compute,0.0053,0,238764,0,0,0,0,0,0,0,6588147,2196908,252643840,18121380352
1784137838978,node10,compute,0.0054,0,238764,0,0,0,0,0,0,0,6588192,2196910,252643840,18121388544
1784137840295,node10,compute,0.0053,0,238764,0,0,0,0,0,0,0,6588232,2196913,252643840,18121388544
1784137841612,node10,compute,0.0054,0,238764,0,0,0,0,0,0,0,6588274,2196917,252643840,18121388544
1784137842932,node10,compute,0.0055,0,238764,0,0,0,0,0,0,0,6588328,2196919,252643840,18121445888
1784137844247,node10,compute,0.0052,0,238764,0,0,0,0,0,0,0,6588460,2196921,252643840,18121474560
1784137845564,node10,compute,0.0062,0,238764,0,0,0,0,0,0,0,6588483,2196925,252643840,18121474560
1784137846875,node10,compute,0.0052,0,238764,0,0,0,0,0,0,0,6588520,2196927,252643840,18121474560
1784137848188,node10,compute,0.0053,0,238764,0,0,0,0,0,0,0,6588554,2196929,252643840,18121478656
1784137849504,node10,compute,0.0053,0,238764,0,0,0,0,0,0,0,6588580,2196932,252643840,18121515520
1784137850821,node10,compute,0.0072,0,238764,0,0,0,0,0,0,0,6588644,2196936,252643840,18121515520
1784137852133,node10,compute,0.0049,0,238764,0,0,0,0,0,0,0,6588684,2196938,252643840,18121515520
1784137853447,node10,compute,0.0053,0,238764,0,0,0,0,0,0,0,6588738,2196940,252643840,18121523712
1784137854763,node10,compute,0.0057,0,238764,0,0,0,0,0,0,0,6588773,2196944,252643840,18121556480
1784137856076,node10,compute,0.0052,0,238764,0,0,0,0,0,0,0,6588809,2196946,252643840,18121556480
1784137857385,node10,compute,0.0052,0,238764,0,0,0,0,0,0,0,6588849,2196948,252643840,18121556480
1784137858688,node10,compute,0.0049,0,238764,0,0,0,0,0,0,0,6588896,2196952,252643840,18121560576
1784137860006,node10,compute,0.0058,0,238764,0,0,0,0,0,0,0,6588929,2196954,252643840,18121585152
1784137861319,node10,compute,0.0050,0,238764,0,0,0,0,0,0,0,6588966,2196958,252643840,18121585152
1784137862634,node10,compute,0.0056,0,238764,0,0,0,0,0,0,0,6588997,2196962,252643840,18121585152
1784137863938,node10,compute,0.0051,0,238764,0,0,0,0,0,0,0,6589031,2196964,252643840,18121597440
1784137865244,node10,compute,0.0049,0,238764,0,0,0,0,0,0,0,6589064,2196966,252643840,18121634304
1784137866561,node10,compute,0.0053,0,239028,0,0,0,0,0,0,0,6589099,2196972,252643840,18121638400
1784137867883,node10,compute,0.0051,0,239028,0,0,0,0,0,0,0,6589136,2196974,252643840,18121638400
1784137869192,node10,compute,0.0049,0,239028,0,0,0,0,0,0,0,6589180,2196976,252643840,18121646592
1784137870504,node10,compute,0.0053,0,239028,0,0,0,0,0,0,0,6589228,2196978,252643840,18121667072
1784137871823,node10,compute,0.0064,0,239028,0,0,0,0,0,0,0,6589260,2196982,252643840,18121667072
1784137873130,node10,compute,0.0057,0,239028,0,0,0,0,0,0,0,6589300,2196984,252643840,18121667072
1784137874447,node10,compute,0.0050,0,239028,0,0,0,0,0,0,0,6589351,2196986,252643840,18121675264
1784137875761,node10,compute,0.0065,0,239028,0,0,0,0,0,0,0,6589401,2196991,252643840,18121703936
1784137877078,node10,compute,0.0049,0,239028,0,0,0,0,0,0,0,6589444,2196993,252643840,18121703936
1784137878392,node10,compute,0.0056,0,239028,0,0,0,0,0,0,0,6589519,2196996,252643840,18121703936
1784137879712,node10,compute,0.0053,0,239236,0,0,0,0,0,0,0,6589578,2197000,252643840,18121712128
1784137881029,node10,compute,0.0054,0,239236,0,0,0,0,0,0,0,6589641,2197003,252643840,18121732608
1784137882342,node10,compute,0.0054,0,239236,0,0,0,0,0,0,0,6589683,2197005,252643840,18121732608
1784137883653,node10,compute,0.0049,0,239236,0,0,0,0,0,0,0,6589717,2197009,252643840,18121732608
1784137884968,node10,compute,0.0056,0,239236,0,0,0,0,0,0,0,6589821,2197012,252643840,18121748992
1784137886282,node10,compute,0.0052,0,239236,0,0,0,0,0,0,0,6589859,2197014,252643840,18121753088
1784137887601,node10,compute,0.0053,0,239236,0,0,0,0,0,0,0,6589976,2197018,252643840,18121769472
1784137888910,node10,compute,0.0053,0,239236,0,0,0,0,0,0,0,6590025,2197020,252643840,18121769472
1784137890223,node10,compute,0.0052,0,239236,0,0,0,0,0,0,0,6590065,2197022,252643840,18121777664
1784137891534,node10,compute,0.0055,0,239236,0,0,0,0,0,0,0,6590113,2197024,252643840,18121781760
1784137892854,node10,compute,0.0054,0,239236,0,0,0,0,0,0,0,6590172,2197028,252643840,18121781760
1784137894169,node10,compute,0.0054,0,239236,0,0,0,0,0,0,0,6590238,2197030,252643840,18121798144
1784137895488,node10,compute,0.0050,0,239236,0,0,0,0,0,0,0,6590317,2197032,252643840,18121810432
1784137896805,node10,compute,0.0056,0,239236,0,0,0,0,0,0,0,6590354,2197036,252643840,18121814528
1784137898122,node10,compute,0.0052,0,239236,0,0,0,0,0,0,0,6590403,2197038,252643840,18121814528
1784137899441,node10,compute,0.0053,0,239236,0,0,0,0,0,0,0,6590465,2197040,252643840,18121863680
1784137900759,node10,compute,0.0051,0,239236,0,0,0,0,0,0,0,6590524,2197044,252643840,18121875968
1784137902074,node10,compute,0.0053,0,239236,0,0,0,0,0,0,0,6590608,2197047,252643840,18121880064
1784137903392,node10,compute,0.0057,0,239236,0,0,0,0,0,0,0,6590660,2197049,252643840,18121880064
1784137904698,node10,compute,0.0056,0,239236,0,0,0,0,0,0,0,6590695,2197053,252643840,18121908736
1784137906011,node10,compute,0.0050,0,239236,0,0,0,0,0,0,0,6590731,2197055,252643840,18121921024
1784137907315,node10,compute,0.0055,0,239236,0,0,0,0,0,0,0,6590774,2197058,252643840,18121929216
1784137908623,node10,compute,0.0053,0,239236,0,0,0,0,0,0,0,6590829,2197063,252643840,18121929216
1784137909917,node10,compute,0.0050,0,239236,0,0,0,0,0,0,0,6590874,2197065,252643840,18121945600
1784137911229,node10,compute,0.0056,0,239236,0,0,0,0,0,0,0,6590942,2197067,252643840,18121961984
1784137912548,node10,compute,0.0061,0,239236,0,0,0,0,0,0,0,6590974,2197070,252643840,18121966080
1784137913860,node10,compute,0.0049,0,239236,0,0,0,0,0,0,0,6591047,2197074,252643840,18121966080
1784137915172,node10,compute,0.0057,0,239236,0,0,0,0,0,0,0,6591098,2197080,252643840,18121994752
1784137916492,node10,compute,0.0057,0,239236,0,0,0,0,0,0,0,6591150,2197091,252643840,18122019328
1784137917812,node10,compute,0.0054,0,239236,0,0,0,0,0,0,0,6591206,2197095,252643840,18122023424
1784137919129,node10,compute,0.0053,0,239500,0,0,0,0,0,0,0,6591239,2197097,252643840,18122179072
1784137920426,node10,compute,0.0048,0,239500,0,0,0,0,0,0,0,6591281,2197099,252643840,18122191360
1784137921725,node10,compute,0.0050,0,239500,0,0,0,0,0,0,0,6591350,2197103,252643840,18122228224
1784137923045,node10,compute,0.0053,0,239500,0,0,0,0,0,0,0,6591387,2197105,252643840,18122232320
1784137924361,node10,compute,0.0062,0,239500,0,0,0,0,0,0,0,6591445,2197107,252643840,18122232320
1784137925677,node10,compute,0.0057,0,239500,0,0,0,0,0,0,0,6591478,2197111,252643840,18122240512
1784137926993,node10,compute,0.0050,0,239500,0,0,0,0,0,0,0,6591533,2197115,252643840,18122256896
1784137928304,node10,compute,0.0052,0,239500,0,0,0,0,0,0,0,6591594,2197117,252643840,18122277376
1784137929622,node10,compute,0.0053,0,239500,0,0,0,0,0,0,0,6591708,2197119,252643840,18122277376
1784137930934,node10,compute,0.0053,0,239500,0,0,0,0,0,0,0,6591737,2197124,252643840,18122289664
1784137932249,node10,compute,0.0050,0,239500,0,0,0,0,0,0,0,6591774,2197126,252643840,18122289664
1784137933561,node10,compute,0.0049,0,239500,0,0,0,0,0,0,0,6591805,2197128,252643840,18122293760
1784137934883,node10,compute,0.0051,0,239500,0,0,0,0,0,0,0,6591905,2197133,252643840,18122310144
1784137936198,node10,compute,0.0053,0,239500,0,0,0,0,0,0,0,6591991,2197135,252643840,18122318336
1784137937517,node10,compute,0.0051,0,239500,0,0,0,0,0,0,0,6592034,2197137,252643840,18122318336
1784137938832,node10,compute,0.0068,0,239700,0,0,0,0,0,0,0,6592118,2197167,252643840,18122392064
1784137940147,node10,compute,0.0065,0,239700,0,0,0,0,0,0,0,6592235,2197169,252643840,18122433024
1784137941459,node10,compute,0.0049,0,239700,0,0,0,0,0,0,0,6592277,2197172,252643840,18122441216
1784137942774,node10,compute,0.0054,0,239700,0,0,0,0,0,0,0,6592322,2197177,252643840,18122441216
1784137944088,node10,compute,0.0048,0,239700,0,0,0,0,0,0,0,6592383,2197179,252643840,18123133440
1784137945402,node10,compute,0.0068,0,239700,0,0,0,0,0,0,0,6592428,2197181,252643840,18123133440
1784137946705,node10,compute,0.0049,0,239700,0,0,0,0,0,0,0,6592459,2197186,252643840,18123141632
1784137948021,node10,compute,0.0052,0,239700,0,0,0,0,0,0,0,6592499,2197188,252643840,18123141632
1784137949336,node10,compute,0.0052,0,239700,0,0,0,0,0,0,0,6592533,2197190,252643840,18123182592
1784137950654,node10,compute,0.0054,0,239700,0,0,0,0,0,0,0,6592556,2197192,252643840,18123198976
1784137951972,node10,compute,0.0047,0,239700,0,0,0,0,0,0,0,6592600,2197196,252643840,18123207168
1784137953291,node10,compute,0.0057,0,239700,0,0,0,0,0,0,0,6592643,2197198,252643840,18123207168
1784137954606,node10,compute,0.0058,0,239700,0,0,0,0,0,0,0,6592677,2197200,252643840,18123211264
1784137955907,node10,compute,0.0049,0,239700,0,0,0,0,0,0,0,6592714,2197204,252643840,18123211264
1784137957206,node10,compute,0.0055,0,239700,0,0,0,0,0,0,0,6592745,2197206,252643840,18123297280
1784137958522,node10,compute,0.0052,0,239700,0,0,0,0,0,0,0,6592777,2197208,252643840,18123297280
1784137959837,node10,compute,0.0049,0,239700,0,0,0,0,0,0,0,6592804,2197212,252643840,18123301376
1784137961155,node10,compute,0.0052,0,239700,0,0,0,0,0,0,0,6592849,2197214,252643840,18123387392
1784137962474,node10,compute,0.0066,0,239700,0,0,0,0,0,0,0,6592887,2197216,252643840,18123387392
1784137963791,node10,compute,0.0049,0,239700,0,0,0,0,0,0,0,6592932,2197221,252643840,18123387392
1784137965107,node10,compute,0.0054,0,239700,0,0,0,0,0,0,0,6592962,2197223,252643840,18123395584
1784137966416,node10,compute,0.0064,0,239700,0,0,0,0,0,0,0,6593027,2197226,252643840,18123411968
1784137967726,node10,compute,0.0141,0,259900,0,0,0,0,0,0,0,6593107,2197237,252643840,18123428352
1784137969048,node10,compute,0.0744,0,300724,0,0,0,0,0,0,0,6611760,2199852,252643840,18123428352
1784137970370,node10,compute,0.0314,0,308640,0,0,0,0,0,103360,0,6622086,2200978,252643840,18123432448
1784137971697,node10,compute,0.0761,0,309640,0,0,0,0,0,266016,0,6622132,2200983,252643840,18136142336
1784137973016,node10,compute,0.0476,0,309640,0,0,0,0,0,371872,0,6622226,2201019,252643840,18391290368
1784137974336,node10,compute,0.0070,0,309640,0,0,0,0,0,372268,0,6622273,2201025,252643840,18391290368
1784137975658,node10,compute,0.0070,0,309640,0,0,0,0,0,372820,0,6622305,2201029,252643840,18391294464
1784137976978,node10,compute,0.0068,0,309640,0,0,0,0,0,373496,0,6622351,2201036,252643840,18391294464
1784137978298,node10,compute,0.0065,0,305896,0,0,0,0,0,374160,0,6622471,2201045,252643840,18391872000
1784137979614,node10,compute,0.0058,0,305916,0,0,0,0,0,374160,0,6622525,2201051,252643840,18391872000
1784137980938,node10,compute,0.0647,0,305916,0,0,0,0,0,627064,0,6622957,2201100,252643840,18391876096
1784137982266,node10,compute,0.1187,0,305916,0,0,0,0,0,870616,0,6623181,2201268,252643840,18392003072
1784137983586,node10,compute,0.0270,0,305916,0,0,0,0,0,1048512,0,6623253,2201281,252643840,18392003072
1784137984911,node10,compute,0.0061,0,305916,0,0,0,0,0,1048784,0,6623355,2201294,252643840,18392003072
1784137986236,node10,compute,0.0080,0,305916,0,0,0,0,0,1023536,0,6623427,2201297,252643840,18392007168
1784137987558,node10,compute,0.0068,0,305916,0,0,0,0,0,1023576,0,6623460,2201302,252643840,18392089088
1784137988875,node10,compute,0.0071,0,305916,0,0,0,0,0,1023628,0,6623516,2201308,252643840,18392089088
1784137990190,node10,compute,0.0061,0,305916,0,0,0,0,0,1023660,0,6623604,2201311,252643840,18392089088
1784137991514,node10,compute,0.0077,0,305916,0,0,0,0,0,1023660,0,6623658,2201315,252643840,18392093184
1784137992834,node10,compute,0.0062,0,305916,0,0,0,0,0,1023708,0,6623696,2201321,252643840,18392158720
1784137994150,node10,compute,0.0057,0,305916,0,0,0,0,0,1023708,0,6623762,2201325,252643840,18392158720
1784137995457,node10,compute,0.0062,0,305916,0,0,0,0,0,1023708,0,6623829,2201329,252643840,18392158720
1784137996774,node10,compute,0.0056,0,305916,0,0,0,0,0,1023708,0,6623904,2201335,252643840,18392162816
1784137998097,node10,compute,0.0058,0,305916,0,0,0,0,0,1023952,0,6623950,2201338,252643840,18392162816
1784137999412,node10,compute,0.0068,0,305916,0,0,0,0,0,1023952,0,6624022,2201342,252643840,18392203776
1784138000729,node10,compute,0.0058,0,305916,0,0,0,0,0,1023952,0,6624085,2201345,252643840,18392203776
1784138002044,node10,compute,0.0058,0,305916,0,0,0,0,0,1024052,0,6624155,2201352,252643840,18392207872
1784138003354,node10,compute,0.0071,0,305916,0,0,0,0,0,1024052,0,6624202,2201357,252643840,18392384000
1784138004669,node10,compute,0.0053,0,305916,0,0,0,0,0,1024052,0,6624247,2201361,252643840,18392384000
1784138005988,node10,compute,0.0058,0,305916,0,0,0,0,0,1024052,0,6624291,2201366,252643840,18392384000
1784138007306,node10,compute,0.0064,0,305916,0,0,0,0,0,1024100,0,6624356,2201371,252643840,18392396288
1784138008624,node10,compute,0.0060,0,305916,0,0,0,0,0,1024100,0,6624407,2201375,252643840,18392433152
1784138009934,node10,compute,0.0056,0,305916,0,0,0,0,0,1024100,0,6624450,2201381,252643840,18392433152
1784138011253,node10,compute,0.0066,0,305916,0,0,0,0,0,1024260,0,6624494,2201385,252643840,18392433152
1784138012575,node10,compute,0.0062,0,305916,0,0,0,0,0,1024260,0,6624526,2201390,252643840,18392445440
1784138013896,node10,compute,0.0058,0,305916,0,0,0,0,0,1024260,0,6624574,2201395,252643840,18392515072
1784138015214,node10,compute,0.0060,0,305916,0,0,0,0,0,1024260,0,6624609,2201398,252643840,18392515072
1784138016534,node10,compute,0.0057,0,305916,0,0,0,0,0,1024260,0,6624688,2201403,252643840,18392515072
1784138017854,node10,compute,0.0060,0,305916,0,0,0,0,0,1024260,0,6624743,2201410,252643840,18392523264
1784138019169,node10,compute,0.0061,0,305916,0,0,0,0,0,1024332,0,6624794,2201413,252643840,18392572416
1784138020490,node10,compute,0.0062,0,305916,0,0,0,0,0,1024332,0,6624846,2201418,252643840,18392572416
1784138021813,node10,compute,0.0061,0,306004,0,0,0,0,0,1024332,0,6624903,2201424,252643840,18392572416
1784138023128,node10,compute,0.0056,0,306004,0,0,0,0,0,1024332,0,6624941,2201427,252643840,18392576512
1784138024450,node10,compute,0.0064,0,306004,0,0,0,0,0,1024332,0,6624978,2201431,252643840,18392625664
1784138025769,node10,compute,0.0057,0,306004,0,0,0,0,0,1024344,0,6625019,2201434,252643840,18392625664
1784138027092,node10,compute,0.0059,0,306004,0,0,0,0,0,1024344,0,6625057,2201440,252643840,18392625664
1784138028409,node10,compute,0.0062,0,306004,0,0,0,0,0,1024344,0,6625095,2201444,252643840,18392740352
1784138029724,node10,compute,0.0061,0,306004,0,0,0,0,0,1024344,0,6625140,2201447,252643840,18392740352
1784138031046,node10,compute,0.0057,0,306004,0,0,0,0,0,1024448,0,6625174,2201452,252643840,18392740352
1784138032362,node10,compute,0.0062,0,306004,0,0,0,0,0,1024448,0,6625257,2201458,252643840,18392740352
1784138033682,node10,compute,0.0061,0,306004,0,0,0,0,0,1024448,0,6625318,2201461,252643840,18392871424
1784138034994,node10,compute,0.0060,0,306004,0,0,0,0,0,1024448,0,6625353,2201467,252643840,18392871424
1784138036312,node10,compute,0.0062,0,306004,0,0,0,0,0,1024520,0,6625397,2201471,252643840,18392871424
1784138037632,node10,compute,0.0065,0,306004,0,0,0,0,0,1024520,0,6625442,2201475,252643840,18392871424
1784138038954,node10,compute,0.0068,0,306004,0,0,0,0,0,1024520,0,6625490,2201480,252643840,18392965632
1784138040276,node10,compute,0.0061,0,306004,0,0,0,0,0,1024520,0,6625525,2201483,252643840,18392965632
1784138041601,node10,compute,0.0059,0,306004,0,0,0,0,0,1024680,0,6625575,2201491,252643840,18392965632
1784138042926,node10,compute,0.0066,0,306264,0,0,0,0,0,1024772,0,6625614,2201497,252643840,18392965632
1784138044242,node10,compute,0.0072,0,306264,0,0,0,0,0,1024772,0,6625660,2201500,252643840,18393084416
1784138045553,node10,compute,0.0057,0,306264,0,0,0,0,0,1024772,0,6625704,2201505,252643840,18393084416
1784138046863,node10,compute,0.0057,0,306264,0,0,0,0,0,1024788,0,6625745,2201512,252643840,18393088512
1784138048186,node10,compute,0.0059,0,306264,0,0,0,0,0,1024924,0,6625811,2201515,252643840,18393129472
1784138049508,node10,compute,0.0069,0,306264,0,0,0,0,0,1024924,0,6625856,2201519,252643840,18393166336
1784138050828,node10,compute,0.0056,0,306264,0,0,0,0,0,1024924,0,6625898,2201523,252643840,18393166336
1784138052142,node10,compute,0.0064,0,306264,0,0,0,0,0,1024988,0,6625960,2201529,252643840,18393166336
1784138053458,node10,compute,0.0075,0,306332,0,0,0,0,0,1024988,0,6626028,2201533,252643840,18393281024
1784138054770,node10,compute,0.0059,0,306332,0,0,0,0,0,1024988,0,6626089,2201536,252643840,18393285120
1784138056083,node10,compute,0.0067,0,306332,0,0,0,0,0,1024988,0,6626141,2201541,252643840,18393285120
1784138057407,node10,compute,0.0065,0,306332,0,0,0,0,0,1025072,0,6626207,2201547,252643840,18393285120
1784138058725,node10,compute,0.0075,0,306332,0,0,0,0,0,1025072,0,6626243,2201551,252643840,18393367040
1784138060044,node10,compute,0.0061,0,306332,0,0,0,0,0,1025072,0,6626298,2201556,252643840,18393371136
1784138061366,node10,compute,0.0059,0,306332,0,0,0,0,0,1025072,0,6626368,2201560,252643840,18393371136
1784138062675,node10,compute,0.0067,0,306332,0,0,0,0,0,1025136,0,6626442,2201565,252643840,18393371136
1784138063986,node10,compute,0.0057,0,306332,0,0,0,0,0,1025136,0,6626490,2201571,252643840,18393498112
1784138065302,node10,compute,0.0057,0,306332,0,0,0,0,0,1025136,0,6626534,2201575,252643840,18393502208
1784138066624,node10,compute,0.0054,0,306332,0,0,0,0,0,1025136,0,6626575,2201579,252643840,18393502208
1784138067947,node10,compute,0.0065,0,306332,0,0,0,0,0,1025136,0,6626625,2201585,252643840,18393502208
1784138069246,node10,compute,0.0060,0,306332,0,0,0,0,0,1025136,0,6626717,2201588,252643840,18393592320
1784138070570,node10,compute,0.0059,0,306332,0,0,0,0,0,1025136,0,6626770,2201592,252643840,18393600512
1784138071881,node10,compute,0.0057,0,306332,0,0,0,0,0,1025136,0,6626834,2201600,252643840,18393600512
1784138073196,node10,compute,0.0064,0,306332,0,0,0,0,0,1025216,0,6626913,2201604,252643840,18393702912
1784138074516,node10,compute,0.0058,0,306332,0,0,0,0,0,1025216,0,6626971,2201609,252643840,18393809408
1784138075831,node10,compute,0.0060,0,306332,0,0,0,0,0,1025216,0,6627012,2201612,252643840,18393813504
1784138077154,node10,compute,0.0065,0,306332,0,0,0,0,0,1025284,0,6627098,2201619,252643840,18393813504
1784138078470,node10,compute,0.0058,0,306332,0,0,0,0,0,1025284,0,6627166,2201624,252643840,18393854464
1784138079786,node10,compute,0.0062,0,306332,0,0,0,0,0,1025284,0,6627274,2201628,252643840,18393891328
1784138081107,node10,compute,0.0061,0,306332,0,0,0,0,0,1025380,0,6627341,2201635,252643840,18393895424
1784138082421,node10,compute,0.0065,0,306332,0,0,0,0,0,1025380,0,6627412,2201640,252643840,18393895424
1784138083746,node10,compute,0.0065,0,306332,0,0,0,0,0,1025380,0,6627497,2201643,252643840,18393956864
1784138085059,node10,compute,0.0061,0,306332,0,0,0,0,0,1025380,0,6627553,2201649,252643840,18393993728
1784138086384,node10,compute,0.0059,0,306332,0,0,0,0,0,1025380,0,6627606,2201653,252643840,18393997824
1784138087699,node10,compute,0.0066,0,306332,0,0,0,0,0,1025380,0,6627659,2201657,252643840,18393997824
1784138089015,node10,compute,0.0064,0,306332,0,0,0,0,0,1025380,0,6627739,2201662,252643840,18394051072
1784138090335,node10,compute,0.0060,0,306332,0,0,0,0,0,1025380,0,6627815,2201666,252643840,18394087936
1784138091653,node10,compute,0.0057,0,306332,0,0,0,0,0,1025380,0,6627849,2201669,252643840,18394092032
1784138092972,node10,compute,0.0068,0,306332,0,0,0,0,0,1025380,0,6627880,2201675,252643840,18394092032
1784138094280,node10,compute,0.0061,0,306332,0,0,0,0,0,1025380,0,6627928,2201680,252643840,18394231296
1784138095604,node10,compute,0.0062,0,306332,0,0,0,0,0,1025380,0,6628023,2201686,252643840,18394231296
1784138096925,node10,compute,0.0064,0,306332,0,0,0,0,0,1025380,0,6628062,2201692,252643840,18394235392
1784138098245,node10,compute,0.0068,0,306332,0,0,0,0,0,1025380,0,6628101,2201695,252643840,18394276352
1784138099563,node10,compute,0.0072,0,306332,0,0,0,0,0,1025456,0,6628133,2201699,252643840,18394317312
1784138100883,node10,compute,0.0060,0,306348,0,0,0,0,0,1025504,0,6628210,2201702,252643840,18394317312
1784138102193,node10,compute,0.0059,0,306348,0,0,0,0,0,1025576,0,6628274,2201708,252643840,18394321408
1784138103513,node10,compute,0.0058,0,306348,0,0,0,0,0,1025576,0,6628351,2201712,252643840,18394378752
1784138104832,node10,compute,0.0066,0,306348,0,0,0,0,0,1025576,0,6628423,2201716,252643840,18394419712
1784138106152,node10,compute,0.0057,0,306348,0,0,0,0,0,1025576,0,6628464,2201722,252643840,18394419712
1784138107476,node10,compute,0.0065,0,306348,0,0,0,0,0,1025576,0,6628548,2201730,252643840,18394423808
1784138108793,node10,compute,0.0060,0,306348,0,0,0,0,0,1025576,0,6628653,2201733,252643840,18394472960
1784138110113,node10,compute,0.0064,0,306348,0,0,0,0,0,1025576,0,6628695,2201739,252643840,18394505728
1784138111435,node10,compute,0.0063,0,306348,0,0,0,0,0,1025576,0,6628730,2201743,252643840,18394505728
1784138112746,node10,compute,0.0061,0,306348,0,0,0,0,0,1025576,0,6628772,2201747,252643840,18394509824
1784138114066,node10,compute,0.0057,0,306348,0,0,0,0,0,1025576,0,6628814,2201752,252643840,18394575360
1784138115383,node10,compute,0.0060,0,306348,0,0,0,0,0,1025576,0,6628851,2201756,252643840,18394608128
1784138116698,node10,compute,0.0060,0,306348,0,0,0,0,0,1025576,0,6628888,2201760,252643840,18394608128
1784138118014,node10,compute,0.0062,0,306348,0,0,0,0,0,1025576,0,6628950,2201770,252643840,18394612224
1784138119330,node10,compute,0.0060,0,306348,0,0,0,0,0,1025576,0,6628983,2201774,252643840,18394665472
1784138120645,node10,compute,0.0053,0,306348,0,0,0,0,0,1025576,0,6629041,2201777,252643840,18394706432
1784138121962,node10,compute,0.0060,0,306348,0,0,0,0,0,1025576,0,6629089,2201783,252643840,18394706432
1784138123283,node10,compute,0.0065,0,306348,0,0,0,0,0,1025576,0,6629160,2201786,252643840,18394800640
1784138124596,node10,compute,0.0057,0,306348,0,0,0,0,0,1025576,0,6629216,2201790,252643840,18394825216
1784138125910,node10,compute,0.0060,0,306348,0,0,0,0,0,1025576,0,6629300,2201794,252643840,18394866176
1784138127222,node10,compute,0.0068,0,306348,0,0,0,0,0,1025680,0,6629387,2201800,252643840,18394866176
1784138128542,node10,compute,0.0096,0,306348,0,0,0,0,0,1124424,0,6629536,2201875,252643840,18394911232
1784138129868,node10,compute,0.0750,0,306348,0,0,0,0,0,1162096,0,6630109,2202249,252643840,18394911232
1784138131194,node10,compute,0.0997,0,306348,0,0,0,0,0,1206980,0,6630463,2202517,252643840,18395603456
1784138132525,node10,compute,0.0539,0,306348,0,0,0,0,0,1208276,0,6630523,2202542,252643840,18395603456
1784138133850,node10,compute,0.0256,0,306348,0,0,0,0,0,1239908,0,6630638,2202569,252643840,18397446656
1784138135174,node10,compute,0.0371,0,306348,0,0,0,0,0,1276076,0,6630832,2202664,252643840,18397446656
1784138136484,node10,compute,0.0248,0,306348,0,0,0,0,0,1340092,0,6631012,2202762,252643840,18397454848
1784138137807,node10,compute,0.0449,0,306348,0,0,0,0,0,1567540,0,6631504,2203057,252643840,18397454848
1784138139126,node10,compute,0.0062,0,306348,0,0,0,0,0,1567952,0,6631553,2203063,252643840,18397516288
1784138140444,node10,compute,0.0294,0,306348,0,0,0,0,0,1588208,0,6631744,2203566,252643840,18397516288
1784138141767,node10,compute,0.0065,0,306348,0,0,0,0,0,1588536,0,6631791,2203571,252643840,18397516288
1784138143078,node10,compute,0.0144,0,306348,0,0,0,0,0,1596040,0,6631919,2203680,252643840,18397516288
1784138144391,node10,compute,0.0071,0,306348,0,0,0,0,0,1596040,0,6632000,2203689,252643840,18398249472
1784138145712,node10,compute,0.0061,0,306348,0,0,0,0,0,1596304,0,6632095,2203695,252643840,18398306816
1784138147010,node10,compute,0.0065,0,306348,0,0,0,0,0,1596568,0,6632163,2203702,252643840,18398306816
1784138148328,node10,compute,0.0060,0,306348,0,0,0,0,0,1596832,0,6632199,2203706,252643840,18398347776
1784138149652,node10,compute,0.0084,0,306348,0,0,0,0,0,1596832,0,6632259,2203715,252643840,18398351872
1784138150978,node10,compute,0.0084,0,306348,0,0,0,0,0,1597096,0,6632345,2203740,252643840,18398384640
1784138152301,node10,compute,0.0067,0,306348,0,0,0,0,0,1598180,0,6632479,2203748,252643840,18398384640
1784138153622,node10,compute,0.0058,0,306348,0,0,0,0,0,1598444,0,6632512,2203751,252643840,18399162880
1784138154939,node10,compute,0.0062,0,306348,0,0,0,0,0,1598708,0,6632626,2203754,252643840,18399166976
1784138156259,node10,compute,0.0061,0,306348,0,0,0,0,0,1598972,0,6632691,2203759,252643840,18399207936
1784138157579,node10,compute,0.0065,0,306348,0,0,0,0,0,1599236,0,6632765,2203765,252643840,18399207936
1784138158881,node10,compute,0.0059,0,306348,0,0,0,0,0,1599236,0,6632823,2203768,252643840,18399248896
1784138160204,node10,compute,0.0084,0,306348,0,0,0,0,0,1599500,0,6632932,2203800,252643840,18399252992
1784138161528,node10,compute,0.0058,0,306460,0,0,0,0,0,1599764,0,6632969,2203805,252643840,18399289856
1784138162853,node10,compute,0.0061,0,306460,0,0,0,0,0,1600028,0,6633030,2203810,252643840,18399289856
1784138164168,node10,compute,0.0061,0,306460,0,0,0,0,0,1600028,0,6633075,2203815,252643840,18400014848
1784138165489,node10,compute,0.0060,0,306464,0,0,0,0,0,1600812,0,6633114,2203819,252643840,18400027136
1784138166804,node10,compute,0.0060,0,306464,0,0,0,0,0,1600852,0,6633163,2203823,252643840,18400051712
1784138168126,node10,compute,0.0063,0,306464,0,0,0,0,0,1601116,0,6633249,2203829,252643840,18400051712
1784138169444,node10,compute,0.0066,0,306468,0,0,0,0,0,1601380,0,6633302,2203839,252643840,18400092672
1784138170767,node10,compute,0.0077,0,306468,0,0,0,0,0,1601380,0,6633390,2203863,252643840,18400096768
1784138172087,node10,compute,0.0081,0,306468,0,0,0,0,0,1601644,0,6633451,2203871,252643840,18400129536
1784138173400,node10,compute,0.0063,0,306468,0,0,0,0,0,1601644,0,6633500,2203877,252643840,18400928256
1784138174715,node10,compute,0.0061,0,306468,0,0,0,0,0,1602172,0,6633533,2203880,252643840,18400928256
1784138176034,node10,compute,0.0060,0,306468,0,0,0,0,0,1602436,0,6633597,2203886,252643840,18400944640
1784138177352,node10,compute,0.0061,0,306468,0,0,0,0,0,1602436,0,6633660,2203893,252643840,18400977408
1784138178674,node10,compute,0.0067,0,306468,0,0,0,0,0,1602956,0,6633743,2203897,252643840,18401018368
1784138179992,node10,compute,0.0080,0,306468,0,0,0,0,0,1603220,0,6633833,2203928,252643840,18401018368
1784138181317,node10,compute,0.0061,0,306468,0,0,0,0,0,1603220,0,6633880,2203934,252643840,18401055232
1784138182635,node10,compute,0.0062,0,306468,0,0,0,0,0,1604276,0,6633918,2203938,252643840,18401055232
1784138183958,node10,compute,0.0058,0,306468,0,0,0,0,0,1604540,0,6633947,2203941,252643840,18401833472
1784138185271,node10,compute,0.0067,0,306468,0,0,0,0,0,1604804,0,6634020,2203946,252643840,18401841664
1784138186588,node10,compute,0.0066,0,306468,0,0,0,0,0,1604804,0,6634066,2203950,252643840,18401878528
1784138187913,node10,compute,0.0061,0,306468,0,0,0,0,0,1605068,0,6634128,2203954,252643840,18401878528
1784138189229,node10,compute,0.0075,0,306468,0,0,0,0,0,1605348,0,6634228,2203977,252643840,18401915392
1784138190553,node10,compute,0.0069,0,306468,0,0,0,0,0,1605876,0,6634268,2203993,252643840,18401915392
1784138191873,node10,compute,0.0066,0,306468,0,0,0,0,0,1605876,0,6634311,2203998,252643840,18401956352
1784138193185,node10,compute,0.0056,0,306468,0,0,0,0,0,1606396,0,6634352,2204003,252643840,18401956352
1784138194508,node10,compute,0.0062,0,306468,0,0,0,0,0,1606396,0,6634394,2204008,252643840,18402783744
1784138195828,node10,compute,0.0062,0,306468,0,0,0,0,0,1606396,0,6634454,2204011,252643840,18402783744
1784138197148,node10,compute,0.0061,0,306468,0,0,0,0,0,1606956,0,6634505,2204018,252643840,18402820608
1784138198472,node10,compute,0.0069,0,306468,0,0,0,0,0,1607044,0,6634557,2204027,252643840,18402857472
1784138199796,node10,compute,0.0072,0,306468,0,0,0,0,0,1607324,0,6634624,2204052,252643840,18402857472
1784138201114,node10,compute,0.0061,0,306468,0,0,0,0,0,1607600,0,6634672,2204059,252643840,18402857472
1784138202429,node10,compute,0.0062,0,306468,0,0,0,0,0,1607892,0,6634750,2204064,252643840,18402890240
1784138203745,node10,compute,0.0060,0,306468,0,0,0,0,0,1608212,0,6634782,2204067,252643840,18403000832
1784138205070,node10,compute,0.0063,0,306468,0,0,0,0,0,1608472,0,6634830,2204073,252643840,18403631616
1784138206392,node10,compute,0.0059,0,306468,0,0,0,0,0,1608756,0,6634900,2204077,252643840,18403631616
1784138207711,node10,compute,0.0056,0,306468,0,0,0,0,0,1609020,0,6634945,2204081,252643840,18403668480
1784138209031,node10,compute,0.0081,0,306468,0,0,0,0,0,1609056,0,6635008,2204112,252643840,18403709440
1784138210348,node10,compute,0.0061,0,306468,0,0,0,0,0,1609584,0,6635092,2204118,252643840,18403709440
1784138211669,node10,compute,0.0055,0,306468,0,0,0,0,0,1609584,0,6635215,2204123,252643840,18403709440
1784138212989,node10,compute,0.0064,0,306468,0,0,0,0,0,1610640,0,6635271,2204127,252643840,18403742208
1784138214310,node10,compute,0.0059,0,306468,0,0,0,0,0,1610712,0,6635322,2204133,252643840,18404520448
1784138215626,node10,compute,0.0058,0,306468,0,0,0,0,0,1610976,0,6635363,2204136,252643840,18404520448
1784138216945,node10,compute,0.0064,0,306468,0,0,0,0,0,1611496,0,6635458,2204142,252643840,18404569600
1784138218258,node10,compute,0.0067,0,306468,0,0,0,0,0,1611760,0,6635510,2204153,252643840,18404610560
1784138219581,node10,compute,0.0074,0,306532,0,0,0,0,0,1612024,0,6635590,2204178,252643840,18404684288
1784138220902,node10,compute,0.0059,0,306532,0,0,0,0,0,1612024,0,6635630,2204181,252643840,18404684288
1784138222221,node10,compute,0.0065,0,306532,0,0,0,0,0,1612288,0,6635686,2204189,252643840,18405323264
1784138223538,node10,compute,0.0064,0,306532,0,0,0,0,0,1612288,0,6635757,2204193,252643840,18405360128
1784138224855,node10,compute,0.0061,0,306564,0,0,0,0,0,1612816,0,6635820,2204196,252643840,18405454336
1784138226178,node10,compute,0.0058,0,306564,0,0,0,0,0,1612816,0,6635876,2204201,252643840,18405454336
1784138227493,node10,compute,0.0063,0,306564,0,0,0,0,0,1613176,0,6635960,2204207,252643840,18405491200
1784138228787,node10,compute,0.0083,0,306564,0,0,0,0,0,1613548,0,6636019,2204238,252643840,18405499392
1784138230106,node10,compute,0.0061,0,306564,0,0,0,0,0,1614184,0,6636111,2204246,252643840,18405585408
1784138231424,node10,compute,0.0066,0,306564,0,0,0,0,0,1614184,0,6636171,2204259,252643840,18405585408
1784138232746,node10,compute,0.0061,0,306564,0,0,0,0,0,1614704,0,6636218,2204264,252643840,18405622272
1784138234072,node10,compute,0.0058,0,306564,0,0,0,0,0,1614704,0,6636278,2204269,252643840,18406294016
1784138235396,node10,compute,0.0065,0,306564,0,0,0,0,0,1614968,0,6636413,2204277,252643840,18406392320
1784138236720,node10,compute,0.0057,0,306564,0,0,0,0,0,1614968,0,6636457,2204281,252643840,18406392320
1784138238046,node10,compute,0.0071,0,306564,0,0,0,0,0,1615496,0,6636527,2204290,252643840,18406425088
1784138239363,node10,compute,0.0077,0,306564,0,0,0,0,0,1615496,0,6636604,2204319,252643840,18406507008
1784138240677,node10,compute,0.0057,0,306564,0,0,0,0,0,1615496,0,6636669,2204322,252643840,18406507008
1784138241999,node10,compute,0.0062,0,306564,0,0,0,0,0,1616816,0,6636735,2204326,252643840,18406507008
1784138243319,node10,compute,0.0077,0,306564,0,0,0,0,0,1616816,0,6636831,2204333,252643840,18406584832
1784138244637,node10,compute,0.0054,0,306564,0,0,0,0,0,1617080,0,6636869,2204337,252643840,18407322112
1784138245960,node10,compute,0.0062,0,306564,0,0,0,0,0,1617080,0,6636928,2204340,252643840,18407322112
1784138247278,node10,compute,0.0064,0,306564,0,0,0,0,0,1617608,0,6637016,2204348,252643840,18407322112
1784138248598,node10,compute,0.0083,0,306564,0,0,0,0,0,1617608,0,6637121,2204379,252643840,18407358976
1784138249914,node10,compute,0.0060,0,306564,0,0,0,0,0,1617872,0,6637157,2204383,252643840,18407428608
1784138251223,node10,compute,0.0057,0,306564,0,0,0,0,0,1618128,0,6637207,2204388,252643840,18407428608
1784138252542,node10,compute,0.0060,0,306564,0,0,0,0,0,1618392,0,6637265,2204393,252643840,18407428608
1784138253861,node10,compute,0.0057,0,306564,0,0,0,0,0,1618644,0,6637354,2204396,252643840,18408100352
1784138255175,node10,compute,0.0062,0,306564,0,0,0,0,0,1619172,0,6637428,2204403,252643840,18408190464
1784138256498,node10,compute,0.0065,0,306564,0,0,0,0,0,1619500,0,6637494,2204407,252643840,18408190464
1784138257814,node10,compute,0.0060,0,306564,0,0,0,0,0,1619500,0,6637563,2204417,252643840,18408190464
1784138259140,node10,compute,0.0070,0,306564,0,0,0,0,0,1619764,0,6637660,2204441,252643840,18408219136
1784138260462,node10,compute,0.0076,0,306564,0,0,0,0,0,1620028,0,6637744,2204448,252643840,18408288768
1784138261779,node10,compute,0.0053,0,306564,0,0,0,0,0,1620292,0,6637787,2204452,252643840,18408288768
1784138263092,node10,compute,0.0065,0,306564,0,0,0,0,0,1620556,0,6637819,2204455,252643840,18408288768
1784138264414,node10,compute,0.0059,0,306564,0,0,0,0,0,1620820,0,6637894,2204461,252643840,18408407552
1784138265722,node10,compute,0.0057,0,306564,0,0,0,0,0,1620820,0,6637938,2204464,252643840,18408411648
1784138267042,node10,compute,0.0066,0,306564,0,0,0,0,0,1621348,0,6638016,2204469,252643840,18408411648
1784138268360,node10,compute,0.0077,0,306564,0,0,0,0,0,1621348,0,6638082,2204503,252643840,18409292288
1784138269678,node10,compute,0.0062,0,306564,0,0,0,0,0,1621868,0,6638122,2204506,252643840,18409366016
1784138270998,node10,compute,0.0057,0,306564,0,0,0,0,0,1621868,0,6638203,2204509,252643840,18409370112
1784138272311,node10,compute,0.0064,0,306564,0,0,0,0,0,1622916,0,6638258,2204517,252643840,18409370112
1784138273634,node10,compute,0.0061,0,306564,0,0,0,0,0,1623180,0,6638295,2204521,252643840,18409456128
1784138274949,node10,compute,0.0058,0,306564,0,0,0,0,0,1623444,0,6638344,2204524,252643840,18409558528
1784138276270,node10,compute,0.0064,0,306564,0,0,0,0,0,1623444,0,6638383,2204529,252643840,18409562624
1784138277592,node10,compute,0.0070,0,306564,0,0,0,0,0,1623708,0,6638469,2204545,252643840,18409562624
1784138278914,node10,compute,0.0072,0,306564,0,0,0,0,0,1623972,0,6638544,2204564,252643840,18409599488
1784138280237,node10,compute,0.0061,0,306564,0,0,0,0,0,1624492,0,6638615,2204569,252643840,18409660928
1784138281562,node10,compute,0.0059,0,306564,0,0,0,0,0,1624492,0,6638674,2204573,252643840,18409665024
1784138282883,node10,compute,0.0072,0,306564,0,0,0,0,0,1624808,0,6638743,2204577,252643840,18410295808
1784138284203,node10,compute,0.0072,0,306564,0,0,0,0,0,1625072,0,6638869,2204582,252643840,18410369536
1784138285523,node10,compute,0.0061,0,306564,0,0,0,0,0,1625072,0,6638914,2204587,252643840,18410414592
1784138286844,node10,compute,0.0062,0,306564,0,0,0,0,0,1625336,0,6638972,2204591,252643840,18410418688
1784138288161,node10,compute,0.0079,0,306564,0,0,0,0,0,1625600,0,6639090,2204621,252643840,18410418688
1784138289480,node10,compute,0.0064,0,306564,0,0,0,0,0,1625868,0,6639160,2204628,252643840,18410512896
1784138290801,node10,compute,0.0057,0,306564,0,0,0,0,0,1625868,0,6639208,2204632,252643840,18410512896
1784138292114,node10,compute,0.0065,0,306564,0,0,0,0,0,1626396,0,6639264,2204637,252643840,18410516992
1784138293433,node10,compute,0.0070,0,306564,0,0,0,0,0,1626660,0,6639326,2204646,252643840,18411188736
1784138294760,node10,compute,0.0058,0,306564,0,0,0,0,0,1626924,0,6639387,2204649,252643840,18411303424
1784138296085,node10,compute,0.0066,0,306564,0,0,0,0,0,1627188,0,6639441,2204652,252643840,18411303424
1784138297408,node10,compute,0.0081,0,306564,0,0,0,0,0,1627452,0,6639524,2204687,252643840,18411307520
1784138298727,node10,compute,0.0061,0,306564,0,0,0,0,0,1627452,0,6639622,2204690,252643840,18411307520
1784138300050,node10,compute,0.0061,0,306564,0,0,0,0,0,1627980,0,6639686,2204694,252643840,18411401728
1784138301362,node10,compute,0.0067,0,306564,0,0,0,0,0,1628244,0,6639794,2204700,252643840,18411401728
1784138302688,node10,compute,0.0065,0,306564,0,0,0,0,0,1629036,0,6639862,2204712,252643840,18412028416
1784138304000,node10,compute,0.0061,0,306564,0,0,0,0,0,1629292,0,6639898,2204716,252643840,18412028416
1784138305319,node10,compute,0.0061,0,306564,0,0,0,0,0,1630084,0,6639938,2204722,252643840,18412175872
1784138306638,node10,compute,0.0070,0,306564,0,0,0,0,0,1630084,0,6640091,2204737,252643840,18412175872
1784138307961,node10,compute,0.0076,0,306564,0,0,0,0,0,1630348,0,6640145,2204757,252643840,18412179968
1784138309284,node10,compute,0.0061,0,306564,0,0,0,0,0,1630348,0,6640217,2204764,252643840,18412270080
1784138310606,node10,compute,0.0064,0,306564,0,0,0,0,0,1630612,0,6640314,2204769,252643840,18412270080
1784138311925,node10,compute,0.0058,0,306564,0,0,0,0,0,1630876,0,6640350,2204774,252643840,18412904960
1784138313246,node10,compute,0.0061,0,306564,0,0,0,0,0,1630876,0,6640422,2204780,252643840,18412909056
1784138314568,node10,compute,0.0063,0,306564,0,0,0,0,0,1631396,0,6640485,2204784,252643840,18413113856
1784138315891,node10,compute,0.0062,0,306564,0,0,0,0,0,1631396,0,6640583,2204787,252643840,18413113856
1784138317205,node10,compute,0.0084,0,306564,0,0,0,0,0,1631660,0,6640666,2204818,252643840,18413113856
1784138318529,node10,compute,0.0062,0,306564,0,0,0,0,0,1631924,0,6640717,2204824,252643840,18413117952
1784138319852,node10,compute,0.0058,0,306564,0,0,0,0,0,1632188,0,6640802,2204827,252643840,18413220352
1784138321163,node10,compute,0.0059,0,306564,0,0,0,0,0,1632452,0,6640875,2204830,252643840,18413220352
1784138322481,node10,compute,0.0065,0,306564,0,0,0,0,0,1632716,0,6640945,2204838,252643840,18413834752
1784138323800,node10,compute,0.0058,0,306564,0,0,0,0,0,1632980,0,6640985,2204842,252643840,18413838848
1784138325123,node10,compute,0.0061,0,306564,0,0,0,0,0,1633236,0,6641039,2204845,252643840,18413969920
1784138326448,node10,compute,0.0084,0,306564,0,0,0,0,0,1633316,0,6641132,2204878,252643840,18413969920
1784138327766,node10,compute,0.0062,0,306564,0,0,0,0,0,1633316,0,6641171,2204883,252643840,18413969920
1784138329084,node10,compute,0.0060,0,306564,0,0,0,0,0,1633844,0,6641248,2204886,252643840,18413978112
1784138330411,node10,compute,0.0059,0,306564,0,0,0,0,0,1633844,0,6641286,2204892,252643840,18414080512
1784138331737,node10,compute,0.0058,0,306564,0,0,0,0,0,1634372,0,6641339,2204896,252643840,18414703104
1784138333053,node10,compute,0.0065,0,306564,0,0,0,0,0,1635420,0,6641379,2204900,252643840,18414703104
1784138334328,node10,compute,0.0059,0,306564,0,0,0,0,0,1635684,0,6641423,2204906,252643840,18414785024
1784138335654,node10,compute,0.0067,0,306564,0,0,0,0,0,1635684,0,6641486,2204915,252643840,18414854656
1784138336979,node10,compute,0.0077,0,306564,0,0,0,0,0,1636204,0,6641593,2204940,252643840,18414854656
1784138338297,node10,compute,0.0061,0,306564,0,0,0,0,0,1636204,0,6641661,2204945,252643840,18414854656
1784138339611,node10,compute,0.0061,0,306564,0,0,0,0,0,1636732,0,6641731,2204950,252643840,18414924288
1784138340937,node10,compute,0.0055,0,306564,0,0,0,0,0,1636732,0,6641766,2204953,252643840,18414957056
1784138342256,node10,compute,0.0064,0,306564,0,0,0,0,0,1637260,0,6641811,2204958,252643840,18415608320
1784138343577,node10,compute,0.0061,0,306564,0,0,0,0,0,1637260,0,6641953,2204964,252643840,18415608320
1784138344894,node10,compute,0.0056,0,306564,0,0,0,0,0,1637788,0,6642027,2204967,252643840,18415698432
1784138346216,node10,compute,0.0086,0,306564,0,0,0,0,0,1638316,0,6642163,2204998,252643840,18415723008
1784138347541,node10,compute,0.0063,0,306564,0,0,0,0,0,1638316,0,6642227,2205005,252643840,18415723008
1784138348862,node10,compute,0.0068,0,306564,0,0,0,0,0,1638580,0,6642300,2205008,252643840,18415723008
1784138350180,node10,compute,0.0062,0,306564,0,0,0,0,0,1638844,0,6642352,2205013,252643840,18415792640
1784138351507,node10,compute,0.0070,0,306636,0,0,0,0,0,1639108,0,6642467,2205021,252643840,18415829504
1784138352833,node10,compute,0.0063,0,306636,0,0,0,0,0,1639108,0,6642500,2205025,252643840,18415829504
1784138354150,node10,compute,0.0060,0,306636,0,0,0,0,0,1639372,0,6642537,2205030,252643840,18415829504
1784138355470,node10,compute,0.0081,0,306636,0,0,0,0,0,1639756,0,6642589,2205050,252643840,18415964672
1784138356795,node10,compute,0.0069,0,306644,0,0,0,0,0,1640072,0,6642637,2205067,252643840,18415964672
1784138358120,node10,compute,0.0062,0,306644,0,0,0,0,0,1640336,0,6642702,2205070,252643840,18415964672
1784138359443,node10,compute,0.0063,0,306644,0,0,0,0,0,1640864,0,6642775,2205076,252643840,18416030208
1784138360767,node10,compute,0.0061,0,306644,0,0,0,0,0,1640864,0,6642858,2205080,252643840,18416071168
1784138362091,node10,compute,0.0065,0,306644,0,0,0,0,0,1641960,0,6642902,2205084,252643840,18416071168
1784138363418,node10,compute,0.0062,0,306644,0,0,0,0,0,1641960,0,6642950,2205090,252643840,18416071168
1784138364740,node10,compute,0.0070,0,306644,0,0,0,0,0,1642488,0,6642999,2205098,252643840,18416181760
1784138366065,node10,compute,0.0077,0,306644,0,0,0,0,0,1642488,0,6643060,2205123,252643840,18416210432
1784138367391,node10,compute,0.0063,0,306644,0,0,0,0,0,1642744,0,6643130,2205131,252643840,18417209856
1784138368717,node10,compute,0.0058,0,306644,0,0,0,0,0,1643008,0,6643164,2205134,252643840,18417209856
1784138370035,node10,compute,0.0064,0,306644,0,0,0,0,0,1643536,0,6643214,2205138,252643840,18417287680
1784138371361,node10,compute,0.0058,0,306644,0,0,0,0,0,1643536,0,6643327,2205144,252643840,18417328640
1784138372680,node10,compute,0.0065,0,306644,0,0,0,0,0,1643536,0,6643364,2205149,252643840,18417328640
1784138373999,node10,compute,0.0064,0,306644,0,0,0,0,0,1644064,0,6643441,2205152,252643840,18417328640
1784138375313,node10,compute,0.0086,0,306644,0,0,0,0,0,1644064,0,6643547,2205184,252643840,18417422848
1784138376634,node10,compute,0.0059,0,306644,0,0,0,0,0,1644328,0,6643585,2205189,252643840,18417455616
1784138377956,node10,compute,0.0062,0,306644,0,0,0,0,0,1644592,0,6643628,2205194,252643840,18417455616
1784138379280,node10,compute,0.0061,0,306644,0,0,0,0,0,1644856,0,6643702,2205197,252643840,18417521152
1784138380597,node10,compute,0.0060,0,306644,0,0,0,0,0,1644856,0,6643743,2205203,252643840,18418168320
1784138381907,node10,compute,0.0057,0,306644,0,0,0,0,0,1645376,0,6643794,2205208,252643840,18418209280
1784138383234,node10,compute,0.0067,0,306644,0,0,0,0,0,1645640,0,6643831,2205212,252643840,18418209280
1784138384551,node10,compute,0.0068,0,306644,0,0,0,0,0,1645904,0,6643887,2205231,252643840,18418307584
1784138385875,node10,compute,0.0070,0,306644,0,0,0,0,0,1645904,0,6643923,2205248,252643840,18418307584
1784138387201,node10,compute,0.0061,0,306644,0,0,0,0,0,1646432,0,6643955,2205252,252643840,18418336256
1784138388524,node10,compute,0.0057,0,306644,0,0,0,0,0,1646432,0,6644003,2205258,252643840,18418336256
1784138389846,node10,compute,0.0058,0,306644,0,0,0,0,0,1646432,0,6644039,2205262,252643840,18419048960
1784138391160,node10,compute,0.0054,0,306644,0,0,0,0,0,1647216,0,6644076,2205265,252643840,18419048960
1784138392481,node10,compute,0.0068,0,306644,0,0,0,0,0,1647736,0,6644106,2205272,252643840,18419081728
1784138393801,node10,compute,0.0061,0,306644,0,0,0,0,0,1648000,0,6644149,2205281,252643840,18419081728
1784138395129,node10,compute,0.0085,0,306644,0,0,0,0,0,1648528,0,6644205,2205306,252643840,18419188224
1784138396457,node10,compute,0.0066,0,306644,0,0,0,0,0,1648848,0,6644239,2205312,252643840,18419225088
1784138397779,node10,compute,0.0062,0,306644,0,0,0,0,0,1648848,0,6644275,2205316,252643840,18419229184
1784138399101,node10,compute,0.0058,0,306644,0,0,0,0,0,1649112,0,6644311,2205319,252643840,18419229184
1784138400417,node10,compute,0.0058,0,306644,0,0,0,0,0,1649376,0,6644374,2205325,252643840,18419929600
1784138401738,node10,compute,0.0064,0,306644,0,0,0,0,0,1649680,0,6644419,2205331,252643840,18419970560
1784138403064,node10,compute,0.0063,0,306644,0,0,0,0,0,1649680,0,6644448,2205335,252643840,18419974656
1784138404389,node10,compute,0.0081,0,306644,0,0,0,0,0,1649944,0,6644534,2205368,252643840,18420089344
1784138405714,node10,compute,0.0069,0,306644,0,0,0,0,0,1650208,0,6644588,2205372,252643840,18420089344
1784138407038,node10,compute,0.0059,0,306644,0,0,0,0,0,1650736,0,6644646,2205376,252643840,18420118016
1784138408353,node10,compute,0.0065,0,306644,0,0,0,0,0,1650736,0,6644742,2205380,252643840,18420122112
1784138409668,node10,compute,0.0056,0,306644,0,0,0,0,0,1651264,0,6644796,2205385,252643840,18420797952
1784138410985,node10,compute,0.0072,0,306644,0,0,0,0,0,1651264,0,6644850,2205388,252643840,18420797952
1784138412305,node10,compute,0.0060,0,306644,0,0,0,0,0,1651520,0,6644957,2205393,252643840,18420826624
1784138413624,node10,compute,0.0079,0,306644,0,0,0,0,0,1651520,0,6645031,2205425,252643840,18420830720
1784138414950,node10,compute,0.0063,0,306644,0,0,0,0,0,1652048,0,6645093,2205429,252643840,18420961792
1784138416272,node10,compute,0.0061,0,306644,0,0,0,0,0,1652048,0,6645148,2205432,252643840,18420961792
1784138417592,node10,compute,0.0061,0,306644,0,0,0,0,0,1652048,0,6645190,2205440,252643840,18420990464
1784138418912,node10,compute,0.0060,0,306644,0,0,0,0,0,1652576,0,6645260,2205445,252643840,18421641728
1784138420233,node10,compute,0.0065,0,306644,0,0,0,0,0,1652840,0,6645305,2205448,252643840,18421682688
1784138421558,node10,compute,0.0059,0,306644,0,0,0,0,0,1653096,0,6645425,2205454,252643840,18421682688
1784138422879,node10,compute,0.0066,0,306644,0,0,0,0,0,1653888,0,6645480,2205465,252643840,18421715456
1784138424201,node10,compute,0.0078,0,306644,0,0,0,0,0,1654416,0,6645555,2205491,252643840,18421826048
1784138425526,node10,compute,0.0063,0,306644,0,0,0,0,0,1654416,0,6645615,2205497,252643840,18421871104
1784138426849,node10,compute,0.0062,0,306644,0,0,0,0,0,1654744,0,6645679,2205502,252643840,18421871104
1784138428172,node10,compute,0.0065,0,306644,0,0,0,0,0,1655000,0,6645746,2205505,252643840,18421907968
1784138429492,node10,compute,0.0061,0,306644,0,0,0,0,0,1655264,0,6645799,2205512,252643840,18421961216
1784138430817,node10,compute,0.0065,0,306644,0,0,0,0,0,1655264,0,6645907,2205515,252643840,18421961216
1784138432145,node10,compute,0.0061,0,306644,0,0,0,0,0,1655784,0,6645953,2205520,252643840,18421961216
1784138433472,node10,compute,0.0087,0,306644,0,0,0,0,0,1656048,0,6646038,2205553,252643840,18421989888
1784138434799,node10,compute,0.0066,0,306644,0,0,0,0,0,1656048,0,6646088,2205556,252643840,18422198784
1784138436122,node10,compute,0.0063,0,306644,0,0,0,0,0,1656576,0,6646172,2205559,252643840,18422198784
1784138437444,node10,compute,0.0057,0,306644,0,0,0,0,0,1657104,0,6646214,2205567,252643840,18422231552
1784138438765,node10,compute,0.0059,0,306644,0,0,0,0,0,1657104,0,6646250,2205570,252643840,18423071232
1784138440082,node10,compute,0.0069,0,306644,0,0,0,0,0,1657368,0,6646297,2205585,252643840,18423112192
1784138441404,node10,compute,0.0062,0,306644,0,0,0,0,0,1657632,0,6646340,2205595,252643840,18423112192
1784138442726,node10,compute,0.0089,0,306644,0,0,0,0,0,1657632,0,6646441,2205628,252643840,18423149056
1784138444036,node10,compute,0.0060,0,306644,0,0,0,0,0,1657896,0,6646528,2205631,252643840,18423149056
1784138445350,node10,compute,0.0054,0,306644,0,0,0,0,0,1658160,0,6646577,2205635,252643840,18423251456
1784138446665,node10,compute,0.0056,0,306644,0,0,0,0,0,1658680,0,6646734,2205640,252643840,18423251456
1784138447985,node10,compute,0.0061,0,306644,0,0,0,0,0,1658680,0,6646772,2205644,252643840,18423284224
1784138449303,node10,compute,0.0057,0,306644,0,0,0,0,0,1658944,0,6646850,2205649,252643840,18423321088
1784138450622,node10,compute,0.0060,0,306644,0,0,0,0,0,1659208,0,6646926,2205654,252643840,18423325184
1784138451941,node10,compute,0.0068,0,306644,0,0,0,0,0,1660308,0,6646995,2205664,252643840,18423325184
1784138453264,node10,compute,0.0081,0,306644,0,0,0,0,0,1660308,0,6647060,2205689,252643840,18423394816
1784138454587,node10,compute,0.0063,0,306644,0,0,0,0,0,1660828,0,6647166,2205695,252643840,18423521792
1784138455912,node10,compute,0.0058,0,306644,0,0,0,0,0,1660828,0,6647216,2205699,252643840,18423525888
1784138457242,node10,compute,0.0060,0,306644,0,0,0,0,0,1661092,0,6647290,2205704,252643840,18423534080
1784138458569,node10,compute,0.0063,0,306644,0,0,0,0,0,1661356,0,6647360,2205710,252643840,18423570944
1784138459889,node10,compute,0.0060,0,306644,0,0,0,0,0,1661620,0,6647400,2205713,252643840,18423611904
1784138461211,node10,compute,0.0064,0,306644,0,0,0,0,0,1661884,0,6647445,2205716,252643840,18423616000
1784138462534,node10,compute,0.0081,0,306644,0,0,0,0,0,1661884,0,6647555,2205752,252643840,18423616000
1784138463856,node10,compute,0.0057,0,306644,0,0,0,0,0,1662412,0,6647606,2205755,252643840,18423640576
1784138465167,node10,compute,0.0060,0,306644,0,0,0,0,0,1662668,0,6647688,2205759,252643840,18424861184
1784138466452,node10,compute,0.0053,0,306644,0,0,0,0,0,1662668,0,6647759,2205766,252643840,18424865280
1784138467777,node10,compute,0.0065,0,306644,0,0,0,0,0,1662668,0,6647807,2205772,252643840,18424873472
1784138469103,node10,compute,0.0055,0,306644,0,0,0,0,0,1663196,0,6647857,2205775,252643840,18424902144
1784138470426,node10,compute,0.0063,0,306644,0,0,0,0,0,1663196,0,6647917,2205780,252643840,18424939008
1784138471752,node10,compute,0.0075,0,306644,0,0,0,0,0,1663724,0,6648002,2205814,252643840,18424943104
1784138473072,node10,compute,0.0060,0,306644,0,0,0,0,0,1663988,0,6648067,2205817,252643840,18424943104
1784138474396,node10,compute,0.0058,0,306644,0,0,0,0,0,1664252,0,6648130,2205821,252643840,18425070080
1784138475719,node10,compute,0.0059,0,306644,0,0,0,0,0,1664252,0,6648249,2205826,252643840,18425070080
1784138477032,node10,compute,0.0059,0,306644,0,0,0,0,0,1664516,0,6648305,2205830,252643840,18425713152
1784138478357,node10,compute,0.0063,0,306644,0,0,0,0,0,1664780,0,6648376,2205835,252643840,18425750016
1784138479672,node10,compute,0.0054,0,306644,0,0,0,0,0,1664780,0,6648433,2205840,252643840,18425786880
1784138480994,node10,compute,0.0073,0,306644,0,0,0,0,0,1665044,0,6648492,2205853,252643840,18425786880
1784138482315,node10,compute,0.0077,0,306644,0,0,0,0,0,1666620,0,6648561,2205876,252643840,18425790976
1784138483631,node10,compute,0.0064,0,306644,0,0,0,0,0,1666876,0,6648601,2205882,252643840,18425868800
1784138484951,node10,compute,0.0058,0,306644,0,0,0,0,0,1667140,0,6648660,2205885,252643840,18426024448
1784138486270,node10,compute,0.0062,0,306644,0,0,0,0,0,1667140,0,6648710,2205889,252643840,18426667520
1784138487580,node10,compute,0.0056,0,306644,0,0,0,0,0,1667404,0,6648767,2205896,252643840,18426675712
1784138488895,node10,compute,0.0061,0,306644,0,0,0,0,0,1667668,0,6648821,2205902,252643840,18426704384
1784138490215,node10,compute,0.0062,0,306644,0,0,0,0,0,1667668,0,6648854,2205905,252643840,18426741248
1784138491532,node10,compute,0.0079,0,306644,0,0,0,0,0,1668196,0,6648952,2205938,252643840,18426741248
1784138492841,node10,compute,0.0061,0,306644,0,0,0,0,0,1668196,0,6649019,2205943,252643840,18426745344
1784138494165,node10,compute,0.0062,0,306644,0,0,0,0,0,1668460,0,6649048,2205946,252643840,18426782208
1784138495437,node10,compute,0.0059,0,306644,0,0,0,0,0,1668716,0,6649090,2205950,252643840,18426888704
1784138496761,node10,compute,0.0057,0,306644,0,0,0,0,0,1668980,0,6649132,2205957,252643840,18426896896
1784138498089,node10,compute,0.0057,0,306644,0,0,0,0,0,1669244,0,6649195,2205960,252643840,18426900992
1784138499407,node10,compute,0.0064,0,306644,0,0,0,0,0,1669508,0,6649262,2205964,252643840,18426974720
1784138500735,node10,compute,0.0078,0,306644,0,0,0,0,0,1669772,0,6649395,2205996,252643840,18426974720
1784138502055,node10,compute,0.0056,0,306644,0,0,0,0,0,1670036,0,6649464,2206002,252643840,18426974720
1784138503381,node10,compute,0.0063,0,306644,0,0,0,0,0,1670036,0,6649506,2206006,252643840,18426978816
1784138504702,node10,compute,0.0061,0,306644,0,0,0,0,0,1670300,0,6649585,2206012,252643840,18427134464
1784138506019,node10,compute,0.0061,0,306644,0,0,0,0,0,1670564,0,6649660,2206015,252643840,18427142656
1784138507339,node10,compute,0.0065,0,306644,0,0,0,0,0,1670564,0,6649710,2206021,252643840,18427965952
1784138508661,node10,compute,0.0057,0,306644,0,0,0,0,0,1670828,0,6649817,2206027,252643840,18427970048
1784138509985,node10,compute,0.0086,0,306644,0,0,0,0,0,1671356,0,6649915,2206046,252643840,18428039680
1784138511304,node10,compute,0.0061,0,306644,0,0,0,0,0,1671612,0,6649964,2206061,252643840,18428039680
1784138512628,node10,compute,0.0070,0,306644,0,0,0,0,0,1672396,0,6650010,2206068,252643840,18428039680
1784138513939,node10,compute,0.0060,0,306644,0,0,0,0,0,1672924,0,6650089,2206071,252643840,18428043776
1784138515261,node10,compute,0.0062,0,306644,0,0,0,0,0,1672924,0,6650147,2206074,252643840,18428879360
1784138516582,node10,compute,0.0059,0,306644,0,0,0,0,0,1673188,0,6650216,2206080,252643840,18428879360
1784138517904,node10,compute,0.0059,0,306644,0,0,0,0,0,1673188,0,6650323,2206085,252643840,18428879360
1784138519223,node10,compute,0.0062,0,306644,0,0,0,0,0,1673976,0,6650377,2206090,252643840,18428961280
1784138520542,node10,compute,0.0083,0,306644,0,0,0,0,0,1673976,0,6650482,2206121,252643840,18429018624
1784138521857,node10,compute,0.0057,0,306644,0,0,0,0,0,1673976,0,6650586,2206127,252643840,18429018624
1784138523179,node10,compute,0.0063,0,306644,0,0,0,0,0,1674768,0,6650680,2206130,252643840,18429018624
1784138524496,node10,compute,0.0057,0,306644,0,0,0,0,0,1674768,0,6650723,2206134,252643840,18429678080
1784138525816,node10,compute,0.0060,0,306644,0,0,0,0,0,1675032,0,6650765,2206140,252643840,18429743616
1784138527131,node10,compute,0.0056,0,306644,0,0,0,0,0,1675560,0,6650846,2206145,252643840,18429743616
1784138528443,node10,compute,0.0064,0,306644,0,0,0,0,0,1675824,0,6650915,2206149,252643840,18429743616
1784138529760,node10,compute,0.0076,0,306644,0,0,0,0,0,1675824,0,6651017,2206181,252643840,18429780480
1784138531083,node10,compute,0.0062,0,306644,0,0,0,0,0,1676080,0,6651086,2206184,252643840,18429841920
1784138532396,node10,compute,0.0061,0,306644,0,0,0,0,0,1676344,0,6651155,2206190,252643840,18429841920
1784138533718,node10,compute,0.0059,0,306644,0,0,0,0,0,1676608,0,6651206,2206195,252643840,18429841920
1784138535025,node10,compute,0.0055,0,306644,0,0,0,0,0,1676864,0,6651321,2206198,252643840,18430521856
1784138536349,node10,compute,0.0061,0,306644,0,0,0,0,0,1677392,0,6651372,2206202,252643840,18430603776
1784138537671,node10,compute,0.0063,0,306644,0,0,0,0,0,1677392,0,6651444,2206209,252643840,18430603776
1784138538993,node10,compute,0.0072,0,306644,0,0,0,0,0,1677656,0,6651523,2206227,252643840,18430603776
1784138540317,node10,compute,0.0070,0,306644,0,0,0,0,0,1677656,0,6651623,2206244,252643840,18430718464
1784138541634,node10,compute,0.0061,0,306644,0,0,0,0,0,1677920,0,6651663,2206250,252643840,18430718464
1784138542952,node10,compute,0.0058,0,306644,0,0,0,0,0,1678968,0,6651725,2206254,252643840,18430718464
1784138544271,node10,compute,0.0061,0,306644,0,0,0,0,0,1679232,0,6651789,2206258,252643840,18431365632
1784138545591,node10,compute,0.0061,0,306644,0,0,0,0,0,1679496,0,6651840,2206274,252643840,18431517184
1784138546915,node10,compute,0.0062,0,306644,0,0,0,0,0,1679496,0,6651893,2206279,252643840,18431517184
1784138548239,node10,compute,0.0059,0,306644,0,0,0,0,0,1680024,0,6651919,2206284,252643840,18431517184
1784138549559,node10,compute,0.0062,0,306644,0,0,0,0,0,1680024,0,6651970,2206288,252643840,18431517184
1784138550875,node10,compute,0.0060,0,306644,0,0,0,0,0,1680552,0,6652001,2206293,252643840,18431767040
1784138552192,node10,compute,0.0061,0,306644,0,0,0,0,0,1680552,0,6652109,2206297,252643840,18431767040
1784138553514,node10,compute,0.0065,0,306644,0,0,0,0,0,1680808,0,6652152,2206301,252643840,18431767040
1784138554837,node10,compute,0.0062,0,306644,0,0,0,0,0,1681072,0,6652201,2206306,252643840,18431767040
1784138556161,node10,compute,0.0058,0,306644,0,0,0,0,0,1681336,0,6652293,2206309,252643840,18431971840
1784138557484,node10,compute,0.0062,0,306644,0,0,0,0,0,1681336,0,6652358,2206314,252643840,18431971840
1784138558806,node10,compute,0.0062,0,306644,0,0,0,0,0,1681600,0,6652429,2206319,252643840,18431971840
1784138560127,node10,compute,0.0054,0,306644,0,0,0,0,0,1682128,0,6652460,2206322,252643840,18431971840
1784138561449,node10,compute,0.0058,0,306644,0,0,0,0,0,1682392,0,6652524,2206326,252643840,18432041472
1784138562774,node10,compute,0.0059,0,306644,0,0,0,0,0,1682392,0,6652569,2206332,252643840,18432041472
1784138564088,node10,compute,0.0058,0,306644,0,0,0,0,0,1682912,0,6652639,2206335,252643840,18432041472
1784138565409,node10,compute,0.0061,0,306644,0,0,0,0,0,1682912,0,6652688,2206340,252643840,18432135680
1784138566731,node10,compute,0.0063,0,306644,0,0,0,0,0,1682912,0,6652730,2206346,252643840,18432139776
1784138568050,node10,compute,0.0061,0,306644,0,0,0,0,0,1683440,0,6652789,2206351,252643840,18432139776
1784138569368,node10,compute,0.0056,0,306644,0,0,0,0,0,1683440,0,6652832,2206355,252643840,18432139776
1784138570687,node10,compute,0.0066,0,306644,0,0,0,0,0,1683704,0,6652877,2206360,252643840,18432205312
1784138572006,node10,compute,0.0058,0,306644,0,0,0,0,0,1684232,0,6652936,2206365,252643840,18432209408
1784138573329,node10,compute,0.0059,0,306644,0,0,0,0,0,1685288,0,6653024,2206370,252643840,18432209408
1784138574649,node10,compute,0.0056,0,306644,0,0,0,0,0,1685288,0,6653064,2206375,252643840,18432209408
1784138575971,node10,compute,0.0062,0,306644,0,0,0,0,0,1685552,0,6653099,2206379,252643840,18432336384
1784138577292,node10,compute,0.0061,0,306644,0,0,0,0,0,1685816,0,6653143,2206385,252643840,18432340480
1784138578608,node10,compute,0.0060,0,306644,0,0,0,0,0,1686080,0,6653191,2206390,252643840,18432340480
1784138579928,node10,compute,0.0058,0,306644,0,0,0,0,0,1686080,0,6653257,2206395,252643840,18432340480
1784138581246,node10,compute,0.0062,0,306644,0,0,0,0,0,1686344,0,6653300,2206400,252643840,18432410112
1784138582562,node10,compute,0.0061,0,306644,0,0,0,0,0,1686608,0,6653357,2206405,252643840,18432414208
1784138583879,node10,compute,0.0057,0,306644,0,0,0,0,0,1686608,0,6653431,2206410,252643840,18432414208
1784138585195,node10,compute,0.0064,0,306644,0,0,0,0,0,1687128,0,6653476,2206413,252643840,18432451072
1784138586511,node10,compute,0.0061,0,306644,0,0,0,0,0,1687392,0,6653539,2206418,252643840,18432496128
1784138587834,node10,compute,0.0063,0,306644,0,0,0,0,0,1687648,0,6653609,2206424,252643840,18432500224
1784138589146,node10,compute,0.0057,0,306644,0,0,0,0,0,1687912,0,6653667,2206427,252643840,18432500224
1784138590465,node10,compute,0.0056,0,306644,0,0,0,0,0,1687912,0,6653702,2206431,252643840,18432553472
1784138591787,node10,compute,0.0059,0,306644,0,0,0,0,0,1688176,0,6653744,2206437,252643840,18432578048
1784138593100,node10,compute,0.0060,0,306644,0,0,0,0,0,1688440,0,6653803,2206441,252643840,18432586240
1784138594424,node10,compute,0.0062,0,306644,0,0,0,0,0,1688440,0,6653921,2206445,252643840,18432586240
1784138595748,node10,compute,0.0067,0,306644,0,0,0,0,0,1688968,0,6653998,2206450,252643840,18432655872
1784138597068,node10,compute,0.0064,0,306644,0,0,0,0,0,1688968,0,6654068,2206454,252643840,18432692736
1784138598381,node10,compute,0.0060,0,306644,0,0,0,0,0,1689496,0,6654134,2206458,252643840,18432696832
1784138599699,node10,compute,0.0060,0,306644,0,0,0,0,0,1689760,0,6654176,2206464,252643840,18432696832
1784138601020,node10,compute,0.0059,0,306644,0,0,0,0,0,1690024,0,6654235,2206467,252643840,18432737792
1784138602343,node10,compute,0.0065,0,306644,0,0,0,0,0,1690808,0,6654347,2206472,252643840,18432766464
1784138603667,node10,compute,0.0061,0,306644,0,0,0,0,0,1690808,0,6654370,2206477,252643840,18432770560
1784138604991,node10,compute,0.0069,0,306644,0,0,0,0,0,1691336,0,6654416,2206481,252643840,18432770560
1784138606310,node10,compute,0.0060,0,306644,0,0,0,0,0,1691600,0,6654457,2206485,252643840,18432897536
1784138607634,node10,compute,0.0062,0,306644,0,0,0,0,0,1691600,0,6654509,2206491,252643840,18432897536
1784138608947,node10,compute,0.0058,0,306644,0,0,0,0,0,1692128,0,6654568,2206496,252643840,18432901632
1784138610258,node10,compute,0.0064,0,306644,0,0,0,0,0,1692392,0,6654646,2206500,252643840,18432942592
1784138611576,node10,compute,0.0061,0,306644,0,0,0,0,0,1692392,0,6654688,2206504,252643840,18432971264
1784138612893,node10,compute,0.0064,0,306644,0,0,0,0,0,1692656,0,6654769,2206510,252643840,18432971264
1784138614200,node10,compute,0.0056,0,306644,0,0,0,0,0,1692920,0,6654810,2206513,252643840,18432975360
1784138615522,node10,compute,0.0065,0,306644,0,0,0,0,0,1693184,0,6654849,2206517,252643840,18433032704
1784138616824,node10,compute,0.0059,0,306644,0,0,0,0,0,1693460,0,6654888,2206523,252643840,18433069568
1784138618142,node10,compute,0.0062,0,306644,0,0,0,0,0,1693980,0,6654923,2206526,252643840,18433069568
1784138619464,node10,compute,0.0061,0,306644,0,0,0,0,0,1693980,0,6654963,2206531,252643840,18433073664
1784138620784,node10,compute,0.0062,0,306644,0,0,0,0,0,1694244,0,6655003,2206536,252643840,18433110528
1784138622079,node10,compute,0.0054,0,306644,0,0,0,0,0,1694244,0,6655043,2206540,252643840,18433143296
1784138623400,node10,compute,0.0062,0,306644,0,0,0,0,0,1695036,0,6655078,2206544,252643840,18433143296
1784138624716,node10,compute,0.0060,0,306644,0,0,0,0,0,1695036,0,6655155,2206549,252643840,18433147392
1784138626033,node10,compute,0.0061,0,306644,0,0,0,0,0,1695300,0,6655226,2206552,252643840,18433192448
1784138627347,node10,compute,0.0068,0,306644,0,0,0,0,0,1695564,0,6655269,2206558,252643840,18433225216
1784138628672,node10,compute,0.0058,0,306644,0,0,0,0,0,1695564,0,6655339,2206562,252643840,18433225216
1784138629985,node10,compute,0.0064,0,306644,0,0,0,0,0,1695828,0,6655387,2206567,252643840,18433229312
1784138631298,node10,compute,0.0063,0,306644,0,0,0,0,0,1696092,0,6655423,2206570,252643840,18433270272
1784138632622,node10,compute,0.0063,0,306644,0,0,0,0,0,1697148,0,6655473,2206575,252643840,18433298944
1784138633936,node10,compute,0.0057,0,306644,0,0,0,0,0,1697148,0,6655563,2206581,252643840,18433298944
1784138635252,node10,compute,0.0062,0,306644,0,0,0,0,0,1697412,0,6655630,2206584,252643840,18433384960
1784138636565,node10,compute,0.0060,0,306644,0,0,0,0,0,1697932,0,6655684,2206588,252643840,18433405440
1784138637890,node10,compute,0.0061,0,306644,0,0,0,0,0,1698196,0,6655752,2206594,252643840,18433434112
1784138639201,node10,compute,0.0057,0,306644,0,0,0,0,0,1698196,0,6655835,2206597,252643840,18433434112
1784138640512,node10,compute,0.0060,0,306644,0,0,0,0,0,1698716,0,6655933,2206602,252643840,18433479168
1784138641832,node10,compute,0.0061,0,306644,0,0,0,0,0,1698716,0,6655991,2206608,252643840,18433479168
1784138643143,node10,compute,0.0061,0,306644,0,0,0,0,0,1698980,0,6656045,2206612,252643840,18433507840
1784138644464,node10,compute,0.0061,0,306644,0,0,0,0,0,1698980,0,6656104,2206619,252643840,18433507840
1784138645783,node10,compute,0.0058,0,306644,0,0,0,0,0,1699244,0,6656206,2206625,252643840,18433589760
1784138647102,node10,compute,0.0061,0,306644,0,0,0,0,0,1699508,0,6656243,2206629,252643840,18433589760
1784138648417,node10,compute,0.0061,0,306644,0,0,0,0,0,1699772,0,6656294,2206633,252643840,18433610240
1784138649732,node10,compute,0.0058,0,306644,0,0,0,0,0,1700300,0,6656351,2206638,252643840,18433610240
1784138651054,node10,compute,0.0061,0,306644,0,0,0,0,0,1700564,0,6656473,2206641,252643840,18433655296
1784138652371,node10,compute,0.0058,0,306644,0,0,0,0,0,1700564,0,6656529,2206646,252643840,18433688064
1784138653691,node10,compute,0.0058,0,306644,0,0,0,0,0,1700564,0,6656563,2206649,252643840,18433688064
1784138655007,node10,compute,0.0081,0,306644,0,0,0,0,0,1701084,0,6656608,2206655,252643840,18433688064
1784138656324,node10,compute,0.0053,0,306644,0,0,0,0,0,1701084,0,6656746,2206660,252643840,18433749504
1784138657642,node10,compute,0.0061,0,306644,0,0,0,0,0,1701348,0,6656798,2206664,252643840,18433774080
1784138658959,node10,compute,0.0058,0,306644,0,0,0,0,0,1701612,0,6656835,2206669,252643840,18433774080
1784138660279,node10,compute,0.0061,0,306644,0,0,0,0,0,1701876,0,6656902,2206672,252643840,18433810944
1784138661592,node10,compute,0.0065,0,306644,0,0,0,0,0,1702140,0,6656944,2206676,252643840,18433815040
1784138662914,node10,compute,0.0065,0,306644,0,0,0,0,0,1703452,0,6656976,2206682,252643840,18433884672
1784138664229,node10,compute,0.0062,0,306644,0,0,0,0,0,1703716,0,6657029,2206687,252643840,18433884672
1784138665549,node10,compute,0.0061,0,306644,0,0,0,0,0,1703716,0,6657085,2206692,252643840,18433946112
1784138666872,node10,compute,0.0062,0,306644,0,0,0,0,0,1703980,0,6657133,2206699,252643840,18433950208
1784138668189,node10,compute,0.0060,0,306644,0,0,0,0,0,1704508,0,6657174,2206702,252643840,18433978880
1784138669504,node10,compute,0.0064,0,306644,0,0,0,0,0,1704508,0,6657243,2206707,252643840,18433978880
1784138670817,node10,compute,0.0061,0,306644,0,0,0,0,0,1704508,0,6657295,2206712,252643840,18434019840
1784138672126,node10,compute,0.0060,0,306644,0,0,0,0,0,1705028,0,6657370,2206717,252643840,18434023936
1784138673446,node10,compute,0.0065,0,306644,0,0,0,0,0,1705028,0,6657441,2206721,252643840,18434056704
1784138674766,node10,compute,0.0058,0,306892,0,0,0,0,0,1705556,0,6657546,2206726,252643840,18434056704
1784138676085,node10,compute,0.0060,0,306892,0,0,0,0,0,1705556,0,6657615,2206730,252643840,18434212352
1784138677410,node10,compute,0.0065,0,306892,0,0,0,0,0,1706084,0,6657694,2206737,252643840,18434216448
1784138678724,node10,compute,0.0057,0,306892,0,0,0,0,0,1706084,0,6657786,2206742,252643840,18434253312
1784138680048,node10,compute,0.0061,0,306892,0,0,0,0,0,1706348,0,6657875,2206750,252643840,18434253312
1784138681372,node10,compute,0.0066,0,306892,0,0,0,0,0,1706612,0,6657929,2206754,252643840,18434294272
1784138682682,node10,compute,0.0061,0,306892,0,0,0,0,0,1706876,0,6657979,2206758,252643840,18434298368
1784138684003,node10,compute,0.0060,0,306892,0,0,0,0,0,1706876,0,6658063,2206765,252643840,18434327040
1784138685323,node10,compute,0.0055,0,306892,0,0,0,0,0,1707396,0,6658109,2206769,252643840,18434368000
1784138686637,node10,compute,0.0060,0,306892,0,0,0,0,0,1707652,0,6658158,2206773,252643840,18434384384
1784138687959,node10,compute,0.0059,0,306892,0,0,0,0,0,1708180,0,6658205,2206779,252643840,18434388480
1784138689279,node10,compute,0.0065,0,306892,0,0,0,0,0,1708180,0,6658266,2206782,252643840,18434417152
1784138690600,node10,compute,0.0058,0,306892,0,0,0,0,0,1708444,0,6658341,2206787,252643840,18434458112
1784138691921,node10,compute,0.0058,0,306892,0,0,0,0,0,1709500,0,6658428,2206793,252643840,18434458112
1784138693230,node10,compute,0.0061,0,306892,0,0,0,0,0,1709500,0,6658471,2206796,252643840,18434462208
1784138694547,node10,compute,0.0060,0,306892,0,0,0,0,0,1710020,0,6658540,2206800,252643840,18434531840
1784138695868,node10,compute,0.0061,0,306892,0,0,0,0,0,1710020,0,6658585,2206805,252643840,18434605568
1784138697178,node10,compute,0.0060,0,306892,0,0,0,0,0,1710284,0,6658627,2206809,252643840,18434605568
1784138698500,node10,compute,0.0061,0,306892,0,0,0,0,0,1710284,0,6658683,2206813,252643840,18434646528
1784138699818,node10,compute,0.0057,0,306892,0,0,0,0,0,1711076,0,6658733,2206818,252643840,18434646528
1784138701138,node10,compute,0.0057,0,306892,0,0,0,0,0,1711076,0,6658790,2206821,252643840,18434683392
1784138702462,node10,compute,0.0067,0,306892,0,0,0,0,0,1711340,0,6658852,2206826,252643840,18434683392
1784138703782,node10,compute,0.0062,0,306892,0,0,0,0,0,1711604,0,6658942,2206830,252643840,18434716160
1784138705102,node10,compute,0.0054,0,306892,0,0,0,0,0,1711860,0,6659015,2206835,252643840,18434716160
1784138706418,node10,compute,0.0056,0,306892,0,0,0,0,0,1711860,0,6659121,2206839,252643840,18434773504
1784138707731,node10,compute,0.0060,0,306892,0,0,0,0,0,1712124,0,6659241,2206844,252643840,18434773504
1784138709041,node10,compute,0.0061,0,306892,0,0,0,0,0,1712652,0,6659277,2206849,252643840,18434806272
1784138710350,node10,compute,0.0061,0,306892,0,0,0,0,0,1712652,0,6659336,2206853,252643840,18434847232
1784138711664,node10,compute,0.0061,0,306892,0,0,0,0,0,1712916,0,6659469,2206856,252643840,18434847232
1784138712975,node10,compute,0.0064,0,306892,0,0,0,0,0,1713444,0,6659532,2206863,252643840,18434847232
1784138714289,node10,compute,0.0061,0,306892,0,0,0,0,0,1713708,0,6659582,2206866,252643840,18434880000
1784138715608,node10,compute,0.0062,0,306892,0,0,0,0,0,1713708,0,6659646,2206870,252643840,18434941440
1784138716931,node10,compute,0.0063,0,306892,0,0,0,0,0,1713972,0,6659712,2206876,252643840,18434941440
1784138718244,node10,compute,0.0065,0,306892,0,0,0,0,0,1714236,0,6659761,2206880,252643840,18434941440
1784138719562,node10,compute,0.0057,0,306892,0,0,0,0,0,1714500,0,6659793,2206885,252643840,18434978304
1784138720882,node10,compute,0.0060,0,306892,0,0,0,0,0,1714500,0,6659833,2206890,252643840,18435019264
1784138722188,node10,compute,0.0062,0,306892,0,0,0,0,0,1715548,0,6659924,2206894,252643840,18435019264
1784138723513,node10,compute,0.0065,0,306892,0,0,0,0,0,1715548,0,6659967,2206898,252643840,18435019264
1784138724834,node10,compute,0.0059,0,306892,0,0,0,0,0,1715548,0,6660041,2206904,252643840,18435092992
1784138726152,node10,compute,0.0058,0,306892,0,0,0,0,0,1716340,0,6660078,2206907,252643840,18435150336
1784138727477,node10,compute,0.0063,0,306892,0,0,0,0,0,1716596,0,6660142,2206912,252643840,18435150336
1784138728797,node10,compute,0.0060,0,306892,0,0,0,0,0,1716596,0,6660257,2206916,252643840,18435150336
1784138730114,node10,compute,0.0058,0,306892,0,0,0,0,0,1716860,0,6660348,2206921,252643840,18435191296
1784138731431,node10,compute,0.0061,0,306892,0,0,0,0,0,1717124,0,6660387,2206925,252643840,18435228160
1784138732755,node10,compute,0.0061,0,306892,0,0,0,0,0,1717124,0,6660430,2206929,252643840,18435228160
1784138734079,node10,compute,0.0059,0,306892,0,0,0,0,0,1717388,0,6660479,2206934,252643840,18435228160
1784138735390,node10,compute,0.0059,0,306892,0,0,0,0,0,1717652,0,6660539,2206938,252643840,18435318272
1784138736712,node10,compute,0.0061,0,306892,0,0,0,0,0,1717916,0,6660594,2206941,252643840,18435318272
1784138738031,node10,compute,0.0077,0,306892,0,0,0,0,0,1718252,0,6660663,2206947,252643840,18435318272
1784138739350,node10,compute,0.0061,0,306892,0,0,0,0,0,1718516,0,6660726,2206951,252643840,18435359232
1784138740666,node10,compute,0.0058,0,306892,0,0,0,0,0,1718772,0,6660796,2206954,252643840,18435400192
1784138741986,node10,compute,0.0064,0,306892,0,0,0,0,0,1719036,0,6660832,2206960,252643840,18435400192
1784138743304,node10,compute,0.0060,0,306892,0,0,0,0,0,1719036,0,6660877,2206968,252643840,18435400192
1784138744622,node10,compute,0.0061,0,306892,0,0,0,0,0,1719564,0,6660915,2206972,252643840,18435428864
1784138745932,node10,compute,0.0059,0,306892,0,0,0,0,0,1719564,0,6660986,2206978,252643840,18435490304
1784138747256,node10,compute,0.0067,0,306892,0,0,0,0,0,1719828,0,6661060,2206984,252643840,18435490304
1784138748574,node10,compute,0.0058,0,306892,0,0,0,0,0,1719828,0,6661128,2206989,252643840,18435490304
1784138749894,node10,compute,0.0064,0,306892,0,0,0,0,0,1720092,0,6661185,2206994,252643840,18435518976
1784138751208,node10,compute,0.0060,0,306892,0,0,0,0,0,1720620,0,6661286,2206997,252643840,18435568128
1784138752527,node10,compute,0.0068,0,306892,0,0,0,0,0,1721404,0,6661340,2207003,252643840,18435568128
1784138753822,node10,compute,0.0057,0,306892,0,0,0,0,0,1722196,0,6661402,2207008,252643840,18435568128
1784138755142,node10,compute,0.0057,0,306892,0,0,0,0,0,1722196,0,6661462,2207013,252643840,18435637760
1784138756463,node10,compute,0.0058,0,306892,0,0,0,0,0,1722460,0,6661505,2207017,252643840,18435703296
1784138757783,node10,compute,0.0062,0,306892,0,0,0,0,0,1722460,0,6661540,2207021,252643840,18435703296
1784138759102,node10,compute,0.0062,0,306892,0,0,0,0,0,1722988,0,6661672,2207026,252643840,18435703296
1784138760419,node10,compute,0.0057,0,306892,0,0,0,0,0,1722988,0,6661730,2207030,252643840,18435772928
1784138761733,node10,compute,0.0065,0,306892,0,0,0,0,0,1723244,0,6661850,2207035,252643840,18435777024
1784138763057,node10,compute,0.0061,0,306892,0,0,0,0,0,1723772,0,6661898,2207041,252643840,18435777024
1784138764370,node10,compute,0.0057,0,306892,0,0,0,0,0,1724036,0,6661964,2207045,252643840,18435777024
1784138765682,node10,compute,0.0059,0,306892,0,0,0,0,0,1724036,0,6661997,2207049,252643840,18435871232
1784138766993,node10,compute,0.0063,0,306892,0,0,0,0,0,1724564,0,6662077,2207055,252643840,18435879424
1784138768312,node10,compute,0.0062,0,306892,0,0,0,0,0,1724564,0,6662161,2207060,252643840,18435879424
1784138769626,node10,compute,0.0064,0,306892,0,0,0,0,0,1724564,0,6662206,2207063,252643840,18435879424
1784138770949,node10,compute,0.0057,0,306892,0,0,0,0,0,1724828,0,6662272,2207069,252643840,18435949056
1784138772264,node10,compute,0.0065,0,306892,0,0,0,0,0,1725348,0,6662352,2207073,252643840,18435953152
1784138773581,node10,compute,0.0060,0,306892,0,0,0,0,0,1725348,0,6662390,2207077,252643840,18435953152
1784138774905,node10,compute,0.0059,0,306892,0,0,0,0,0,1725348,0,6662494,2207082,252643840,18435953152
1784138776225,node10,compute,0.0064,0,306892,0,0,0,0,0,1726140,0,6662581,2207085,252643840,18436035072
1784138777541,node10,compute,0.0057,0,306892,0,0,0,0,0,1726140,0,6662675,2207090,252643840,18436039168
1784138778855,node10,compute,0.0065,0,306892,0,0,0,0,0,1726404,0,6662758,2207094,252643840,18436039168
1784138780175,node10,compute,0.0066,0,306892,0,0,0,0,0,1726404,0,6662797,2207100,252643840,18436039168
1784138781495,node10,compute,0.0057,0,306892,0,0,0,0,0,1726932,0,6662839,2207105,252643840,18436108800
1784138782814,node10,compute,0.0060,0,306892,0,0,0,0,0,1727716,0,6662915,2207111,252643840,18436112896
1784138784123,node10,compute,0.0057,0,306892,0,0,0,0,0,1727980,0,6662976,2207118,252643840,18436112896
1784138785442,node10,compute,0.0061,0,306892,0,0,0,0,0,1728244,0,6663035,2207124,252643840,18436231680
1784138786755,node10,compute,0.0060,0,306892,0,0,0,0,0,1728508,0,6663124,2207128,252643840,18436231680
1784138788067,node10,compute,0.0057,0,306892,0,0,0,0,0,1728508,0,6663163,2207133,252643840,18436235776
1784138789378,node10,compute,0.0056,0,306892,0,0,0,0,0,1729036,0,6663228,2207138,252643840,18436235776
1784138790694,node10,compute,0.0062,0,306892,0,0,0,0,0,1729300,0,6663281,2207141,252643840,18436301312
1784138792014,node10,compute,0.0055,0,306892,0,0,0,0,0,1729556,0,6663353,2207147,252643840,18436301312
1784138793332,node10,compute,0.0061,0,306892,0,0,0,0,0,1729556,0,6663396,2207152,252643840,18436305408
1784138794648,node10,compute,0.0060,0,306892,0,0,0,0,0,1729820,0,6663433,2207155,252643840,18436305408
1784138795966,node10,compute,0.0060,0,306892,0,0,0,0,0,1730084,0,6663472,2207160,252643840,18436481536
1784138797281,node10,compute,0.0064,0,306892,0,0,0,0,0,1730084,0,6663508,2207164,252643840,18436481536
1784138798603,node10,compute,0.0055,0,306892,0,0,0,0,0,1730348,0,6663562,2207168,252643840,18436485632
1784138799922,node10,compute,0.0065,0,306892,0,0,0,0,0,1730876,0,6663616,2207171,252643840,18436485632
1784138801215,node10,compute,0.0059,0,306892,0,0,0,0,0,1731140,0,6663669,2207176,252643840,18436563456
1784138802529,node10,compute,0.0058,0,306892,0,0,0,0,0,1731404,0,6663709,2207181,252643840,18436563456
1784138803828,node10,compute,0.0059,0,306892,0,0,0,0,0,1731932,0,6663792,2207184,252643840,18436571648
1784138805138,node10,compute,0.0065,0,306892,0,0,0,0,0,1731932,0,6663870,2207189,252643840,18436571648
1784138806457,node10,compute,0.0057,0,306892,0,0,0,0,0,1732196,0,6663931,2207193,252643840,18436674048
1784138807767,node10,compute,0.0057,0,306892,0,0,0,0,0,1732452,0,6663964,2207197,252643840,18436674048
1784138809091,node10,compute,0.0057,0,306892,0,0,0,0,0,1732716,0,6664068,2207202,252643840,18436674048
1784138810410,node10,compute,0.0058,0,306892,0,0,0,0,0,1732716,0,6664137,2207207,252643840,18436719104
1784138811733,node10,compute,0.0057,0,306892,0,0,0,0,0,1732716,0,6664209,2207211,252643840,18436743680
1784138813044,node10,compute,0.0063,0,306892,0,0,0,0,0,1734036,0,6664260,2207217,252643840,18436743680
1784138814360,node10,compute,0.0060,0,306892,0,0,0,0,0,1734036,0,6664328,2207221,252643840,18436743680
1784138815682,node10,compute,0.0072,0,306892,0,0,0,0,0,1734556,0,6664382,2207225,252643840,18436850176
1784138817000,node10,compute,0.0068,0,306892,0,0,0,0,0,1734820,0,6664425,2207231,252643840,18436878848
1784138818322,node10,compute,0.0062,0,306892,0,0,0,0,0,1735084,0,6664537,2207236,252643840,18436878848
1784138819636,node10,compute,0.0057,0,306892,0,0,0,0,0,1735084,0,6664583,2207239,252643840,18436878848
1784138820957,node10,compute,0.0062,0,306892,0,0,0,0,0,1735348,0,6664625,2207242,252643840,18436940288
1784138822280,node10,compute,0.0062,0,306892,0,0,0,0,0,1735612,0,6664704,2207249,252643840,18436968960
1784138823594,node10,compute,0.0064,0,306892,0,0,0,0,0,1735876,0,6664748,2207253,252643840,18436968960
1784138824914,node10,compute,0.0060,0,306892,0,0,0,0,0,1735876,0,6664848,2207257,252643840,18436977152
1784138826225,node10,compute,0.0059,0,306892,0,0,0,0,0,1736396,0,6664951,2207262,252643840,18437018112
1784138827535,node10,compute,0.0057,0,306892,0,0,0,0,0,1736660,0,6664997,2207267,252643840,18437050880
1784138828851,node10,compute,0.0062,0,306892,0,0,0,0,0,1736660,0,6665049,2207271,252643840,18437050880
1784138830170,node10,compute,0.0064,0,306892,0,0,0,0,0,1736924,0,6665175,2207276,252643840,18437050880
1784138831481,node10,compute,0.0059,0,306892,0,0,0,0,0,1737452,0,6665238,2207281,252643840,18437116416
1784138832801,node10,compute,0.0062,0,306892,0,0,0,0,0,1737452,0,6665287,2207285,252643840,18437140992
1784138834111,node10,compute,0.0056,0,306892,0,0,0,0,0,1737716,0,6665347,2207290,252643840,18437140992
1784138835426,node10,compute,0.0077,0,306892,0,0,0,0,0,1738032,0,6665388,2207294,252643840,18437181952
1784138836746,node10,compute,0.0057,0,306892,0,0,0,0,0,1738032,0,6665469,2207298,252643840,18437214720
1784138838065,node10,compute,0.0061,0,306892,0,0,0,0,0,1738296,0,6665525,2207305,252643840,18437214720
1784138839376,node10,compute,0.0057,0,306892,0,0,0,0,0,1738296,0,6665568,2207309,252643840,18437214720
1784138840696,node10,compute,0.0058,0,306892,0,0,0,0,0,1739088,0,6665697,2207312,252643840,18437276160
1784138842009,node10,compute,0.0060,0,306892,0,0,0,0,0,1739880,0,6665753,2207319,252643840,18437308928
1784138843333,node10,compute,0.0063,0,306892,0,0,0,0,0,1740144,0,6665788,2207324,252643840,18437308928
1784138844642,node10,compute,0.0059,0,306892,0,0,0,0,0,1740664,0,6665815,2207327,252643840,18437308928
1784138845959,node10,compute,0.0062,0,306892,0,0,0,0,0,1740928,0,6665881,2207341,252643840,18437390848
1784138847282,node10,compute,0.0082,0,306892,0,0,0,0,0,1740928,0,6665933,2207363,252643840,18437472768
1784138848601,node10,compute,0.0054,0,306892,0,0,0,0,0,1741456,0,6666022,2207367,252643840,18437472768
1784138849921,node10,compute,0.0061,0,306892,0,0,0,0,0,1741456,0,6666072,2207371,252643840,18437472768
1784138851237,node10,compute,0.0062,0,306892,0,0,0,0,0,1741720,0,6666168,2207376,252643840,18438128128
1784138852556,node10,compute,0.0058,0,306892,0,0,0,0,0,1741720,0,6666234,2207382,252643840,18438226432
1784138853871,node10,compute,0.0060,0,306892,0,0,0,0,0,1742248,0,6666270,2207385,252643840,18438226432
1784138855196,node10,compute,0.0057,0,306892,0,0,0,0,0,1742512,0,6666356,2207391,252643840,18438226432
1784138856512,node10,compute,0.0064,0,306892,0,0,0,0,0,1742776,0,6666411,2207396,252643840,18438259200
1784138857833,node10,compute,0.0061,0,306892,0,0,0,0,0,1743304,0,6666508,2207400,252643840,18438332928
1784138859156,node10,compute,0.0072,0,306892,0,0,0,0,0,1743304,0,6666559,2207408,252643840,18438332928
1784138860474,node10,compute,0.0068,0,306892,0,0,0,0,0,1743568,0,6666640,2207421,252643840,18438332928
1784138861793,node10,compute,0.0060,0,306892,0,0,0,0,0,1743568,0,6666671,2207425,252643840,18438332928
1784138863111,node10,compute,0.0068,0,306892,0,0,0,0,0,1744096,0,6666723,2207430,252643840,18438431232
1784138864428,node10,compute,0.0060,0,306892,0,0,0,0,0,1744096,0,6666822,2207436,252643840,18438431232
1784138865744,node10,compute,0.0060,0,306892,0,0,0,0,0,1744616,0,6666914,2207439,252643840,18438582784
1784138867062,node10,compute,0.0064,0,306892,0,0,0,0,0,1744880,0,6666953,2207445,252643840,18438582784
1784138868376,node10,compute,0.0061,0,306892,0,0,0,0,0,1745212,0,6667023,2207449,252643840,18438681088
1784138869695,node10,compute,0.0065,0,306892,0,0,0,0,0,1745212,0,6667129,2207452,252643840,18438681088
1784138871006,node10,compute,0.0059,0,306892,0,0,0,0,0,1745468,0,6667171,2207455,252643840,18438681088
1784138872322,node10,compute,0.0062,0,306892,0,0,0,0,0,1746260,0,6667245,2207462,252643840,18438763008
1784138873642,node10,compute,0.0064,0,306892,0,0,0,0,0,1746260,0,6667355,2207465,252643840,18438791680
1784138874962,node10,compute,0.0152,0,318816,0,0,0,0,0,1746524,0,6667494,2207500,252643840,18438791680
1784138876280,node10,compute,0.0081,0,318740,0,0,0,0,0,1747124,0,6667686,2207563,252643840,18438791680
1784138877600,node10,compute,0.0066,0,318740,0,0,0,0,0,1747712,0,6667857,2207634,252643840,18439074304
1784138878917,node10,compute,0.0126,0,0,0,0,0,0,0,1747988,0,6667929,2207637,252643840,18439078400
1784138880237,node10,compute,0.0057,0,0,0,0,0,0,0,1748508,0,6667980,2207640,252643840,18439102976
