timestamp,jobId,executorId,taskId,inputReceiveRate,inputRate,outputRate,processingTimeNs,deserTimeNs,inBytes,serializedTimeNs,outBytes
timestamp,jobId,executorId,taskId,inputReceiveRate,inputRate,outputRate,processingTimeNs,deserTimeNs,inBytes,serializedTimeNs,outBytes
1784087290423,unknown,VM-112,Stage3-1-0,0,103,0,136426,5578,6236,0,0
1784087291417,unknown,VM-111,Stage3-0-0,0,616,0,211142,30651,37095,0,0
1784087291423,unknown,VM-112,Stage3-1-0,0,0,0,0,0,0,0,0
1784087292417,unknown,VM-111,Stage3-0-0,0,0,0,0,0,0,0,0
1784087292423,unknown,VM-112,Stage3-1-0,0,0,0,0,0,0,0,0
1784087293417,unknown,VM-111,Stage3-0-0,0,0,0,0,0,0,0,0
1784087293423,unknown,VM-112,Stage3-1-0,0,0,0,0,0,0,0,0
1784087294410,unknown,VM-110,Stage2-3-0,0,466,0,302706,10591,100540,0,0
1784087294417,unknown,VM-111,Stage3-0-0,0,0,0,0,0,0,0,0
1784087294423,unknown,VM-112,Stage3-1-0,0,0,0,0,0,0,0,0
1784087295410,unknown,VM-110,Stage2-3-0,0,8518,647,451578,41183,732708,0,0
1784087295417,unknown,VM-111,Stage3-0-0,0,0,0,0,0,0,0,0
1784087295416,unknown,VM-116,Stage2-0-0,0,5398,0,709700,37410,630819,0,0
1784087295423,unknown,VM-112,Stage3-1-0,0,0,0,0,0,0,0,0
1784087296410,unknown,VM-110,Stage2-3-0,0,0,0,0,0,0,0,0
1784087296416,unknown,VM-116,Stage2-0-0,0,22996,32,767103,135537,1705487,0,0
1784087296417,unknown,VM-111,Stage3-0-0,0,0,0,0,0,0,0,0
1784087296423,unknown,VM-112,Stage3-1-0,0,0,0,0,0,0,0,0
1784087297410,unknown,VM-110,Stage2-3-0,0,0,0,0,0,0,0,0
1784087297417,unknown,VM-116,Stage2-0-0,0,13062,607,428939,23838,970318,0,0
1784087297417,unknown,VM-111,Stage3-0-0,0,0,0,0,0,0,0,0
1784087297423,unknown,VM-112,Stage3-1-0,0,0,0,0,0,0,0,0
1784087298410,unknown,VM-110,Stage2-3-0,0,0,0,0,0,0,0,0
1784087298416,unknown,VM-116,Stage2-0-0,0,0,0,0,0,0,0,0
1784087298417,unknown,VM-111,Stage3-0-0,0,0,0,0,0,0,0,0
1784087298423,unknown,VM-112,Stage3-1-0,0,0,0,0,0,0,0,0
1784087298405,unknown,VM-115,Stage1-1-0,0,0,0,0,0,0,0,0
1784087299405,unknown,VM-115,Stage1-1-0,0,0,0,0,0,0,0,0
1784087299410,unknown,VM-110,Stage2-3-0,0,0,0,0,0,0,0,0
1784087299417,unknown,VM-111,Stage3-0-0,0,0,0,0,0,0,0,0
1784087299417,unknown,VM-116,Stage2-0-0,0,0,0,0,0,0,0,0
1784087299423,unknown,VM-112,Stage3-1-0,0,0,0,0,0,0,0,0
1784087300405,unknown,VM-115,Stage1-1-0,0,0,0,0,0,0,0,0
1784087300410,unknown,VM-110,Stage2-3-0,0,0,0,0,0,0,0,0
1784087300417,unknown,VM-116,Stage2-0-0,0,0,0,0,0,0,0,0
1784087300417,unknown,VM-111,Stage3-0-0,0,0,0,0,0,0,0,0
1784087300423,unknown,VM-112,Stage3-1-0,0,0,0,0,0,0,0,0
1784087301405,unknown,VM-115,Stage1-1-0,0,0,0,0,0,0,0,0
1784087301410,unknown,VM-110,Stage2-3-0,0,0,0,0,0,0,0,0
1784087301416,unknown,VM-116,Stage2-0-0,0,0,0,0,0,0,0,0
1784087301417,unknown,VM-111,Stage3-0-0,0,0,0,0,0,0,0,0
1784087301423,unknown,VM-112,Stage3-1-0,0,0,0,0,0,0,0,0
1784087302405,unknown,VM-115,Stage1-1-0,0,24057,23646,293744,245638,2612130,0,0
1784087302410,unknown,VM-110,Stage2-3-0,0,0,0,0,0,0,0,0
1784087302417,unknown,VM-116,Stage2-0-0,0,0,0,0,0,0,0,0
1784087302417,unknown,VM-111,Stage3-0-0,0,0,0,0,0,0,0,0
1784087302423,unknown,VM-112,Stage3-1-0,0,0,0,0,0,0,0,0
1784087303405,unknown,VM-115,Stage1-1-0,0,24188,23721,70560,98948,2623390,0,0
1784087303410,unknown,VM-110,Stage2-3-0,0,0,0,0,0,0,0,0
1784087303417,unknown,VM-116,Stage2-0-0,0,0,0,0,0,0,0,0
1784087303417,unknown,VM-111,Stage3-0-0,0,0,0,0,0,0,0,0
1784087303423,unknown,VM-112,Stage3-1-0,0,0,0,0,0,0,0,0
1784087304405,unknown,VM-115,Stage1-1-0,0,5460,5347,29868,76977,590579,0,0
1784087304410,unknown,VM-110,Stage2-3-0,0,0,0,0,0,0,0,0
1784087304417,unknown,VM-116,Stage2-0-0,0,0,0,0,0,0,0,0
1784087304417,unknown,VM-111,Stage3-0-0,0,0,0,0,0,0,0,0
1784087304423,unknown,VM-112,Stage3-1-0,0,0,0,0,0,0,0,0
1784087305405,unknown,VM-115,Stage1-1-0,0,148397,145406,384336,380900,16064819,0,0
1784087305410,unknown,VM-110,Stage2-3-0,0,0,0,0,0,0,0,0
1784087305417,unknown,VM-116,Stage2-0-0,0,0,0,0,0,0,0,0
1784087305417,unknown,VM-111,Stage3-0-0,0,0,0,0,0,0,0,0
1784087305423,unknown,VM-112,Stage3-1-0,0,0,0,0,0,0,0,0
1784087306405,unknown,VM-115,Stage1-1-0,0,263001,257489,97269,490775,28455946,0,0
1784087306410,unknown,VM-110,Stage2-3-0,0,0,0,0,0,0,0,0
1784087306417,unknown,VM-116,Stage2-0-0,0,0,0,0,0,0,0,0
1784087306417,unknown,VM-111,Stage3-0-0,0,0,0,0,0,0,0,0
1784087306423,unknown,VM-112,Stage3-1-0,0,0,0,0,0,0,0,0
1784087307405,unknown,VM-115,Stage1-1-0,0,384948,377439,221421,211612,41756022,0,0
1784087307410,unknown,VM-110,Stage2-3-0,0,0,0,0,0,0,0,0
1784087307417,unknown,VM-111,Stage3-0-0,0,0,0,0,0,0,0,0
1784087307417,unknown,VM-116,Stage2-0-0,0,0,0,0,0,0,0,0
1784087307423,unknown,VM-112,Stage3-1-0,0,0,0,0,0,0,0,0
1784087308405,unknown,VM-115,Stage1-1-0,0,265485,260282,60732,221873,28724238,0,0
1784087308410,unknown,VM-110,Stage2-3-0,0,0,0,0,0,0,0,0
1784087308417,unknown,VM-116,Stage2-0-0,0,0,0,0,0,0,0,0
1784087308417,unknown,VM-111,Stage3-0-0,0,0,0,0,0,0,0,0
1784087308423,unknown,VM-112,Stage3-1-0,0,0,0,0,0,0,0,0
1784087309405,unknown,VM-115,Stage1-1-0,0,70108,68693,82465,252557,7587257,0,0
1784087309410,unknown,VM-110,Stage2-3-0,0,0,0,0,0,0,0,0
1784087309417,unknown,VM-111,Stage3-0-0,0,0,0,0,0,0,0,0
1784087309417,unknown,VM-116,Stage2-0-0,0,0,0,0,0,0,0,0
1784087309423,unknown,VM-112,Stage3-1-0,0,0,0,0,0,0,0,0
1784087310405,unknown,VM-115,Stage1-1-0,0,17206,16872,49430,35595,1872837,0,0
1784087310410,unknown,VM-110,Stage2-3-0,0,0,0,0,0,0,0,0
1784087310416,unknown,VM-116,Stage2-0-0,0,0,0,0,0,0,0,0
1784087310417,unknown,VM-111,Stage3-0-0,0,0,0,0,0,0,0,0
1784087310423,unknown,VM-112,Stage3-1-0,0,0,0,0,0,0,0,0
1784087311410,unknown,VM-110,Stage2-3-0,0,0,0,0,0,0,0,0
1784087311417,unknown,VM-116,Stage2-0-0,0,0,0,0,0,0,0,0
1784087311417,unknown,VM-111,Stage3-0-0,0,0,0,0,0,0,0,0
1784087311423,unknown,VM-112,Stage3-1-0,0,0,0,0,0,0,0,0
1784087311559,unknown,VM-115,Stage1-1-0,0,90804,88922,180144,110508,9831591,0,0
1784087312405,unknown,VM-115,Stage1-1-0,0,51060,50014,77077,222983,5528232,0,0
1784087312410,unknown,VM-110,Stage2-3-0,0,0,0,0,0,0,0,0
1784087312417,unknown,VM-116,Stage2-0-0,0,0,0,0,0,0,0,0
1784087312417,unknown,VM-111,Stage3-0-0,0,0,0,0,0,0,0,0
1784087312423,unknown,VM-112,Stage3-1-0,0,0,0,0,0,0,0,0
1784087313405,unknown,VM-115,Stage1-1-0,0,15560,15260,29279,9963,1687350,0,0
1784087313410,unknown,VM-110,Stage2-3-0,0,0,0,0,0,0,0,0
1784087313417,unknown,VM-116,Stage2-0-0,0,0,0,0,0,0,0,0
1784087313417,unknown,VM-111,Stage3-0-0,0,0,0,0,0,0,0,0
1784087313423,unknown,VM-112,Stage3-1-0,0,0,0,0,0,0,0,0
1784087314405,unknown,VM-115,Stage1-1-0,0,103485,101394,151195,97083,11219692,0,0
1784087314410,unknown,VM-110,Stage2-3-0,0,0,0,0,0,0,0,0
1784087314417,unknown,VM-116,Stage2-0-0,0,0,0,0,0,0,0,0
1784087314417,unknown,VM-111,Stage3-0-0,0,0,0,0,0,0,0,0
1784087314423,unknown,VM-112,Stage3-1-0,0,0,0,0,0,0,0,0
1784087315410,unknown,VM-110,Stage2-3-0,0,0,0,0,0,0,0,0
1784087315417,unknown,VM-111,Stage3-0-0,0,0,0,0,0,0,0,0
1784087315417,unknown,VM-116,Stage2-0-0,0,0,0,0,0,0,0,0
1784087315423,unknown,VM-112,Stage3-1-0,0,0,0,0,0,0,0,0
1784087315488,unknown,VM-115,Stage1-1-0,0,1056,1024,7046,2628,113708,0,0
1784087316405,unknown,VM-115,Stage1-1-0,0,64752,63444,25838,256786,7036461,0,0
1784087316410,unknown,VM-110,Stage2-3-0,0,0,0,0,0,0,0,0
1784087316417,unknown,VM-116,Stage2-0-0,0,0,0,0,0,0,0,0
1784087316417,unknown,VM-111,Stage3-0-0,0,0,0,0,0,0,0,0
1784087316423,unknown,VM-112,Stage3-1-0,0,0,0,0,0,0,0,0
1784087317405,unknown,VM-115,Stage1-1-0,0,100879,98828,150911,75375,10943837,0,0
1784087317410,unknown,VM-110,Stage2-3-0,0,0,0,0,0,0,0,0
1784087317417,unknown,VM-111,Stage3-0-0,0,0,0,0,0,0,0,0
1784087317417,unknown,VM-116,Stage2-0-0,0,0,0,0,0,0,0,0
1784087317423,unknown,VM-112,Stage3-1-0,0,0,0,0,0,0,0,0
1784087318410,unknown,VM-110,Stage2-3-0,0,0,0,0,0,0,0,0
1784087318417,unknown,VM-111,Stage3-0-0,0,0,0,0,0,0,0,0
1784087318417,unknown,VM-116,Stage2-0-0,0,0,0,0,0,0,0,0
1784087318423,unknown,VM-112,Stage3-1-0,0,0,0,0,0,0,0,0
1784087318471,unknown,VM-115,Stage1-1-0,0,5593,5483,37648,9033,605431,0,0
1784087319405,unknown,VM-115,Stage1-1-0,0,69278,67906,255155,31452,7497962,0,0
1784087319410,unknown,VM-110,Stage2-3-0,0,0,0,0,0,0,0,0
1784087319417,unknown,VM-116,Stage2-0-0,0,0,0,0,0,0,0,0
1784087319417,unknown,VM-111,Stage3-0-0,0,0,0,0,0,0,0,0
1784087319423,unknown,VM-112,Stage3-1-0,0,0,0,0,0,0,0,0
1784087320405,unknown,VM-115,Stage1-1-0,0,91016,89215,129787,63158,9843604,0,0
1784087320410,unknown,VM-110,Stage2-3-0,0,0,0,0,0,0,0,0
1784087320417,unknown,VM-116,Stage2-0-0,0,0,0,0,0,0,0,0
1784087320417,unknown,VM-111,Stage3-0-0,0,0,0,0,0,0,0,0
1784087320423,unknown,VM-112,Stage3-1-0,0,0,0,0,0,0,0,0
1784087321410,unknown,VM-110,Stage2-3-0,0,0,0,0,0,0,0,0
1784087321417,unknown,VM-116,Stage2-0-0,0,0,0,0,0,0,0,0
1784087321417,unknown,VM-111,Stage3-0-0,0,0,0,0,0,0,0,0
1784087321423,unknown,VM-112,Stage3-1-0,0,0,0,0,0,0,0,0
1784087321485,unknown,VM-115,Stage1-1-0,0,11275,11066,56685,14486,1215383,0,0
1784087322405,unknown,VM-115,Stage1-1-0,0,76137,74679,63105,233257,8266227,0,0
1784087322410,unknown,VM-110,Stage2-3-0,0,0,0,0,0,0,0,0
1784087322417,unknown,VM-116,Stage2-0-0,0,0,0,0,0,0,0,0
1784087322417,unknown,VM-111,Stage3-0-0,0,0,0,0,0,0,0,0
1784087322423,unknown,VM-112,Stage3-1-0,0,0,0,0,0,0,0,0
1784087323405,unknown,VM-115,Stage1-1-0,0,53254,52175,112885,79348,5757629,0,0
1784087323410,unknown,VM-110,Stage2-3-0,0,0,0,0,0,0,0,0
1784087323417,unknown,VM-116,Stage2-0-0,0,0,0,0,0,0,0,0
1784087323417,unknown,VM-111,Stage3-0-0,0,0,0,0,0,0,0,0
1784087323423,unknown,VM-112,Stage3-1-0,0,0,0,0,0,0,0,0
1784087324410,unknown,VM-110,Stage2-3-0,0,0,0,0,0,0,0,0
1784087324416,unknown,VM-116,Stage2-0-0,0,0,0,0,0,0,0,0
1784087324417,unknown,VM-111,Stage3-0-0,0,0,0,0,0,0,0,0
1784087324423,unknown,VM-112,Stage3-1-0,0,0,0,0,0,0,0,0
1784087324482,unknown,VM-115,Stage1-1-0,0,45138,44237,63211,54831,4878358,0,0
1784087325405,unknown,VM-115,Stage1-1-0,0,93643,91835,82052,240957,10145613,0,0
1784087325410,unknown,VM-110,Stage2-3-0,0,0,0,0,0,0,0,0
1784087325417,unknown,VM-116,Stage2-0-0,0,0,0,0,0,0,0,0
1784087325417,unknown,VM-111,Stage3-0-0,0,0,0,0,0,0,0,0
1784087325423,unknown,VM-112,Stage3-1-0,0,0,0,0,0,0,0,0
1784087326405,unknown,VM-115,Stage1-1-0,0,55692,54556,79169,46408,6029492,0,0
1784087326410,unknown,VM-110,Stage2-3-0,0,0,0,0,0,0,0,0
1784087326416,unknown,VM-116,Stage2-0-0,0,0,0,0,0,0,0,0
1784087326417,unknown,VM-111,Stage3-0-0,0,0,0,0,0,0,0,0
1784087326423,unknown,VM-112,Stage3-1-0,0,0,0,0,0,0,0,0
1784087327410,unknown,VM-110,Stage2-3-0,0,0,0,0,0,0,0,0
1784087327417,unknown,VM-116,Stage2-0-0,0,0,0,0,0,0,0,0
1784087327417,unknown,VM-111,Stage3-0-0,0,0,0,0,0,0,0,0
1784087327423,unknown,VM-112,Stage3-1-0,0,0,0,0,0,0,0,0
1784087327490,unknown,VM-115,Stage1-1-0,0,24251,23746,57830,25253,2620477,0,0
1784087328405,unknown,VM-115,Stage1-1-0,0,95660,93814,275197,44311,10361335,0,0
1784087328410,unknown,VM-110,Stage2-3-0,0,0,0,0,0,0,0,0
1784087328417,unknown,VM-116,Stage2-0-0,0,0,0,0,0,0,0,0
1784087328417,unknown,VM-111,Stage3-0-0,0,0,0,0,0,0,0,0
1784087328423,unknown,VM-112,Stage3-1-0,0,0,0,0,0,0,0,0
1784087329405,unknown,VM-115,Stage1-1-0,0,46598,45695,74112,56638,5052099,0,0
1784087329410,unknown,VM-110,Stage2-3-0,0,0,0,0,0,0,0,0
1784087329416,unknown,VM-116,Stage2-0-0,0,0,0,0,0,0,0,0
1784087329417,unknown,VM-111,Stage3-0-0,0,0,0,0,0,0,0,0
1784087329423,unknown,VM-112,Stage3-1-0,0,0,0,0,0,0,0,0
1784087330410,unknown,VM-110,Stage2-3-0,0,0,0,0,0,0,0,0
1784087330417,unknown,VM-116,Stage2-0-0,0,0,0,0,0,0,0,0
1784087330417,unknown,VM-111,Stage3-0-0,0,0,0,0,0,0,0,0
1784087330423,unknown,VM-112,Stage3-1-0,0,0,0,0,0,0,0,0
1784087330488,unknown,VM-115,Stage1-1-0,0,32312,31673,66236,32208,3503207,0,0
1784087331405,unknown,VM-115,Stage1-1-0,0,80595,79008,79292,230117,8716365,0,0
1784087331410,unknown,VM-110,Stage2-3-0,0,0,0,0,0,0,0,0
1784087331417,unknown,VM-116,Stage2-0-0,0,0,0,0,0,0,0,0
1784087331417,unknown,VM-111,Stage3-0-0,0,0,0,0,0,0,0,0
1784087331423,unknown,VM-112,Stage3-1-0,0,0,0,0,0,0,0,0
1784087332405,unknown,VM-115,Stage1-1-0,0,54384,53275,82865,50202,5872636,0,0
1784087332410,unknown,VM-110,Stage2-3-0,0,0,0,0,0,0,0,0
1784087332417,unknown,VM-116,Stage2-0-0,0,0,0,0,0,0,0,0
1784087332417,unknown,VM-111,Stage3-0-0,0,0,0,0,0,0,0,0
1784087332423,unknown,VM-112,Stage3-1-0,0,0,0,0,0,0,0,0
1784087333410,unknown,VM-110,Stage2-3-0,0,0,0,0,0,0,0,0
1784087333417,unknown,VM-116,Stage2-0-0,0,0,0,0,0,0,0,0
1784087333417,unknown,VM-111,Stage3-0-0,0,0,0,0,0,0,0,0
1784087333423,unknown,VM-112,Stage3-1-0,0,0,0,0,0,0,0,0
1784087333508,unknown,VM-115,Stage1-1-0,0,39203,38419,63726,39305,4252416,0,0
1784087334405,unknown,VM-115,Stage1-1-0,0,82522,80897,78406,228478,8943779,0,0
1784087334410,unknown,VM-110,Stage2-3-0,0,0,0,0,0,0,0,0
1784087334417,unknown,VM-116,Stage2-0-0,0,0,0,0,0,0,0,0
1784087334417,unknown,VM-111,Stage3-0-0,0,0,0,0,0,0,0,0
1784087334423,unknown,VM-112,Stage3-1-0,0,0,0,0,0,0,0,0
1784087335405,unknown,VM-115,Stage1-1-0,0,57460,56314,83929,48392,6238994,0,0
1784087335410,unknown,VM-110,Stage2-3-0,0,0,0,0,0,0,0,0
1784087335417,unknown,VM-111,Stage3-0-0,0,0,0,0,0,0,0,0
1784087335417,unknown,VM-116,Stage2-0-0,0,0,0,0,0,0,0,0
1784087335423,unknown,VM-112,Stage3-1-0,0,0,0,0,0,0,0,0
1784087336410,unknown,VM-110,Stage2-3-0,0,0,0,0,0,0,0,0
1784087336417,unknown,VM-116,Stage2-0-0,0,0,0,0,0,0,0,0
1784087336417,unknown,VM-111,Stage3-0-0,0,0,0,0,0,0,0,0
1784087336423,unknown,VM-112,Stage3-1-0,0,0,0,0,0,0,0,0
1784087336541,unknown,VM-115,Stage1-1-0,0,34255,33589,64704,40675,3714961,0,0
1784087337405,unknown,VM-115,Stage1-1-0,0,73416,71940,270730,42341,7964361,0,0
1784087337410,unknown,VM-110,Stage2-3-0,0,0,0,0,0,0,0,0
1784087337417,unknown,VM-111,Stage3-0-0,0,0,0,0,0,0,0,0
1784087337417,unknown,VM-116,Stage2-0-0,0,0,0,0,0,0,0,0
1784087337423,unknown,VM-112,Stage3-1-0,0,0,0,0,0,0,0,0
1784087338405,unknown,VM-115,Stage1-1-0,0,59309,58083,88894,50323,6431109,0,0
1784087338410,unknown,VM-110,Stage2-3-0,0,0,0,0,0,0,0,0
1784087338417,unknown,VM-111,Stage3-0-0,0,0,0,0,0,0,0,0
1784087338417,unknown,VM-116,Stage2-0-0,0,0,0,0,0,0,0,0
1784087338423,unknown,VM-112,Stage3-1-0,0,0,0,0,0,0,0,0
1784087339410,unknown,VM-110,Stage2-3-0,0,0,0,0,0,0,0,0
1784087339417,unknown,VM-116,Stage2-0-0,0,0,0,0,0,0,0,0
1784087339417,unknown,VM-111,Stage3-0-0,0,0,0,0,0,0,0,0
1784087339423,unknown,VM-112,Stage3-1-0,0,0,0,0,0,0,0,0
1784087339559,unknown,VM-115,Stage1-1-0,0,41481,40665,71632,45652,4483769,0,0
1784087340405,unknown,VM-115,Stage1-1-0,0,77647,76104,265673,50947,8401726,0,0
1784087340410,unknown,VM-110,Stage2-3-0,0,0,0,0,0,0,0,0
1784087340417,unknown,VM-116,Stage2-0-0,0,0,0,0,0,0,0,0
1784087340417,unknown,VM-111,Stage3-0-0,0,0,0,0,0,0,0,0
1784087340423,unknown,VM-112,Stage3-1-0,0,0,0,0,0,0,0,0
1784087341405,unknown,VM-115,Stage1-1-0,0,51993,51011,79551,45470,5626363,0,0
1784087341410,unknown,VM-110,Stage2-3-0,0,0,0,0,0,0,0,0
1784087341417,unknown,VM-116,Stage2-0-0,0,0,0,0,0,0,0,0
1784087341417,unknown,VM-111,Stage3-0-0,0,0,0,0,0,0,0,0
1784087341423,unknown,VM-112,Stage3-1-0,0,0,0,0,0,0,0,0
1784087342410,unknown,VM-110,Stage2-3-0,0,0,0,0,0,0,0,0
1784087342417,unknown,VM-116,Stage2-0-0,0,0,0,0,0,0,0,0
1784087342417,unknown,VM-111,Stage3-0-0,0,0,0,0,0,0,0,0
1784087342423,unknown,VM-112,Stage3-1-0,0,0,0,0,0,0,0,0
1784087342559,unknown,VM-115,Stage1-1-0,0,45091,44163,76068,48038,4888296,0,0
1784087343405,unknown,VM-115,Stage1-1-0,0,70617,69187,80184,225839,7658174,0,0
1784087343410,unknown,VM-110,Stage2-3-0,0,0,0,0,0,0,0,0
1784087343417,unknown,VM-116,Stage2-0-0,0,0,0,0,0,0,0,0
1784087343417,unknown,VM-111,Stage3-0-0,0,0,0,0,0,0,0,0
1784087343423,unknown,VM-112,Stage3-1-0,0,0,0,0,0,0,0,0
1784087344405,unknown,VM-115,Stage1-1-0,0,46347,45385,78889,45775,5014604,0,0
1784087344410,unknown,VM-110,Stage2-3-0,0,0,0,0,0,0,0,0
1784087344417,unknown,VM-116,Stage2-0-0,0,0,0,0,0,0,0,0
1784087344417,unknown,VM-111,Stage3-0-0,0,0,0,0,0,0,0,0
1784087344423,unknown,VM-112,Stage3-1-0,0,0,0,0,0,0,0,0
1784087345410,unknown,VM-110,Stage2-3-0,0,0,0,0,0,0,0,0
1784087345417,unknown,VM-116,Stage2-0-0,0,0,0,0,0,0,0,0
1784087345417,unknown,VM-111,Stage3-0-0,0,0,0,0,0,0,0,0
1784087345423,unknown,VM-112,Stage3-1-0,0,0,0,0,0,0,0,0
1784087345575,unknown,VM-115,Stage1-1-0,0,57494,56379,103598,47866,6233561,0,0
1784087346405,unknown,VM-115,Stage1-1-0,0,66501,65198,82549,223082,7196505,0,0
1784087346410,unknown,VM-110,Stage2-3-0,0,0,0,0,0,0,0,0
1784087346417,unknown,VM-111,Stage3-0-0,0,0,0,0,0,0,0,0
1784087346417,unknown,VM-116,Stage2-0-0,0,0,0,0,0,0,0,0
1784087346423,unknown,VM-112,Stage3-1-0,0,0,0,0,0,0,0,0
1784087347405,unknown,VM-115,Stage1-1-0,0,31425,30807,104675,38235,3392565,0,0
1784087347410,unknown,VM-110,Stage2-3-0,0,0,0,0,0,0,0,0
1784087347417,unknown,VM-111,Stage3-0-0,0,0,0,0,0,0,0,0
1784087347417,unknown,VM-116,Stage2-0-0,0,0,0,0,0,0,0,0
1784087347423,unknown,VM-112,Stage3-1-0,0,0,0,0,0,0,0,0
1784087348405,unknown,VM-115,Stage1-1-0,0,74460,72984,103716,57261,8045575,0,0
1784087348410,unknown,VM-110,Stage2-3-0,0,0,0,0,0,0,0,0
1784087348417,unknown,VM-116,Stage2-0-0,0,0,0,0,0,0,0,0
1784087348417,unknown,VM-111,Stage3-0-0,0,0,0,0,0,0,0,0
1784087348423,unknown,VM-112,Stage3-1-0,0,0,0,0,0,0,0,0
1784087349405,unknown,VM-115,Stage1-1-0,0,60227,58992,80389,221813,6524897,0,0
1784087349410,unknown,VM-110,Stage2-3-0,0,0,0,0,0,0,0,0
1784087349417,unknown,VM-116,Stage2-0-0,0,0,0,0,0,0,0,0
1784087349417,unknown,VM-111,Stage3-0-0,0,0,0,0,0,0,0,0
1784087349423,unknown,VM-112,Stage3-1-0,0,0,0,0,0,0,0,0
1784087350405,unknown,VM-115,Stage1-1-0,0,56400,55259,82969,51438,6120440,0,0
1784087350410,unknown,VM-110,Stage2-3-0,0,0,0,0,0,0,0,0
1784087350417,unknown,VM-116,Stage2-0-0,0,0,0,0,0,0,0,0
1784087350417,unknown,VM-111,Stage3-0-0,0,0,0,0,0,0,0,0
1784087350423,unknown,VM-112,Stage3-1-0,0,0,0,0,0,0,0,0
1784087351405,unknown,VM-115,Stage1-1-0,0,52409,51345,81648,60017,5688823,0,0
1784087351410,unknown,VM-110,Stage2-3-0,0,0,0,0,0,0,0,0
1784087351417,unknown,VM-111,Stage3-0-0,0,0,0,0,0,0,0,0
1784087351417,unknown,VM-116,Stage2-0-0,0,0,0,0,0,0,0,0
1784087351423,unknown,VM-112,Stage3-1-0,0,0,0,0,0,0,0,0
1784087352410,unknown,VM-110,Stage2-3-0,0,0,0,0,0,0,0,0
1784087352417,unknown,VM-111,Stage3-0-0,0,0,0,0,0,0,0,0
1784087352417,unknown,VM-116,Stage2-0-0,0,0,0,0,0,0,0,0
1784087352423,unknown,VM-112,Stage3-1-0,0,0,0,0,0,0,0,0
1784087353410,unknown,VM-110,Stage2-3-0,0,0,0,0,0,0,0,0
1784087353417,unknown,VM-116,Stage2-0-0,0,0,0,0,0,0,0,0
1784087353417,unknown,VM-111,Stage3-0-0,0,0,0,0,0,0,0,0
1784087353423,unknown,VM-112,Stage3-1-0,0,0,0,0,0,0,0,0
1784087353861,unknown,VM-115,Stage1-1-0,0,8237,8088,8111,1427,876601,0,0
1784087353862,unknown,VM-115,Stage1-1-0,0,0,0,0,0,0,0,0
1784087354405,unknown,VM-115,Stage1-1-0,0,169955,166543,2538401,60557,18412272,0,0
1784087354410,unknown,VM-110,Stage2-3-0,0,0,0,0,0,0,0,0
1784087354417,unknown,VM-116,Stage2-0-0,0,0,0,0,0,0,0,0
1784087354417,unknown,VM-111,Stage3-0-0,0,0,0,0,0,0,0,0
1784087354423,unknown,VM-112,Stage3-1-0,0,0,0,0,0,0,0,0
1784087355405,unknown,VM-115,Stage1-1-0,0,47916,46934,85122,46932,5188793,0,0
1784087355410,unknown,VM-110,Stage2-3-0,0,0,0,0,0,0,0,0
1784087355417,unknown,VM-116,Stage2-0-0,0,0,0,0,0,0,0,0
1784087355417,unknown,VM-111,Stage3-0-0,0,0,0,0,0,0,0,0
1784087355423,unknown,VM-112,Stage3-1-0,0,0,0,0,0,0,0,0
1784087356405,unknown,VM-115,Stage1-1-0,0,25333,24803,63568,66943,2736140,0,0
1784087356410,unknown,VM-110,Stage2-3-0,0,0,0,0,0,0,0,0
1784087356417,unknown,VM-111,Stage3-0-0,0,0,0,0,0,0,0,0
1784087356417,unknown,VM-116,Stage2-0-0,0,0,0,0,0,0,0,0
1784087356423,unknown,VM-112,Stage3-1-0,0,0,0,0,0,0,0,0
1784087357410,unknown,VM-110,Stage2-3-0,0,0,0,0,0,0,0,0
1784087357417,unknown,VM-116,Stage2-0-0,0,0,0,0,0,0,0,0
1784087357417,unknown,VM-111,Stage3-0-0,0,0,0,0,0,0,0,0
1784087357423,unknown,VM-112,Stage3-1-0,0,0,0,0,0,0,0,0
1784087357904,unknown,VM-115,Stage1-1-0,0,44601,43694,82201,74501,4837397,0,0
1784087358405,unknown,VM-115,Stage1-1-0,0,95454,93569,663588,48722,10309406,0,0
1784087358410,unknown,VM-110,Stage2-3-0,0,0,0,0,0,0,0,0
1784087358417,unknown,VM-116,Stage2-0-0,0,0,0,0,0,0,0,0
1784087358417,unknown,VM-111,Stage3-0-0,0,0,0,0,0,0,0,0
1784087358423,unknown,VM-112,Stage3-1-0,0,0,0,0,0,0,0,0
1784087359405,unknown,VM-115,Stage1-1-0,0,56431,55304,82702,48389,6111089,0,0
1784087359410,unknown,VM-110,Stage2-3-0,0,0,0,0,0,0,0,0
1784087359417,unknown,VM-116,Stage2-0-0,0,0,0,0,0,0,0,0
1784087359417,unknown,VM-111,Stage3-0-0,0,0,0,0,0,0,0,0
1784087359423,unknown,VM-112,Stage3-1-0,0,0,0,0,0,0,0,0
1784087360405,unknown,VM-115,Stage1-1-0,0,49941,48957,77357,48877,5410710,0,0
1784087360410,unknown,VM-110,Stage2-3-0,0,0,0,0,0,0,0,0
1784087360417,unknown,VM-116,Stage2-0-0,0,0,0,0,0,0,0,0
1784087360417,unknown,VM-111,Stage3-0-0,0,0,0,0,0,0,0,0
1784087360423,unknown,VM-112,Stage3-1-0,0,0,0,0,0,0,0,0
1784087361405,unknown,VM-115,Stage1-1-0,0,58226,57044,88329,46722,6301400,0,0
1784087361410,unknown,VM-110,Stage2-3-0,0,0,0,0,0,0,0,0
1784087361417,unknown,VM-116,Stage2-0-0,0,0,0,0,0,0,0,0
1784087361417,unknown,VM-111,Stage3-0-0,0,0,0,0,0,0,0,0
1784087361423,unknown,VM-112,Stage3-1-0,0,0,0,0,0,0,0,0
1784087362410,unknown,VM-110,Stage2-3-0,0,0,0,0,0,0,0,0
1784087362417,unknown,VM-116,Stage2-0-0,0,0,0,0,0,0,0,0
1784087362417,unknown,VM-111,Stage3-0-0,0,0,0,0,0,0,0,0
1784087362423,unknown,VM-112,Stage3-1-0,0,0,0,0,0,0,0,0
1784087362701,unknown,VM-115,Stage1-1-0,0,33548,32924,69322,42577,3636947,0,0
1784087363405,unknown,VM-115,Stage1-1-0,0,71441,70053,84699,376279,7730956,0,0
1784087363410,unknown,VM-110,Stage2-3-0,0,0,0,0,0,0,0,0
1784087363417,unknown,VM-116,Stage2-0-0,0,0,0,0,0,0,0,0
1784087363417,unknown,VM-111,Stage3-0-0,0,0,0,0,0,0,0,0
1784087363423,unknown,VM-112,Stage3-1-0,0,0,0,0,0,0,0,0
1784087364405,unknown,VM-115,Stage1-1-0,0,53300,52243,83087,46656,5789153,0,0
1784087364410,unknown,VM-110,Stage2-3-0,0,0,0,0,0,0,0,0
1784087364417,unknown,VM-116,Stage2-0-0,0,0,0,0,0,0,0,0
1784087364417,unknown,VM-111,Stage3-0-0,0,0,0,0,0,0,0,0
1784087364423,unknown,VM-112,Stage3-1-0,0,0,0,0,0,0,0,0
1784087365405,unknown,VM-115,Stage1-1-0,0,51247,50200,76919,45594,5536955,0,0
1784087365410,unknown,VM-110,Stage2-3-0,0,0,0,0,0,0,0,0
1784087365417,unknown,VM-116,Stage2-0-0,0,0,0,0,0,0,0,0
1784087365417,unknown,VM-111,Stage3-0-0,0,0,0,0,0,0,0,0
1784087365423,unknown,VM-112,Stage3-1-0,0,0,0,0,0,0,0,0
1784087366405,unknown,VM-115,Stage1-1-0,0,52990,51969,82502,46787,5732776,0,0
1784087366410,unknown,VM-110,Stage2-3-0,0,0,0,0,0,0,0,0
1784087366417,unknown,VM-116,Stage2-0-0,0,0,0,0,0,0,0,0
1784087366417,unknown,VM-111,Stage3-0-0,0,0,0,0,0,0,0,0
1784087366423,unknown,VM-112,Stage3-1-0,0,0,0,0,0,0,0,0
1784087367405,unknown,VM-115,Stage1-1-0,0,16282,15945,39856,24858,1757910,0,0
1784087367410,unknown,VM-110,Stage2-3-0,0,0,0,0,0,0,0,0
1784087367417,unknown,VM-111,Stage3-0-0,0,0,0,0,0,0,0,0
1784087367417,unknown,VM-116,Stage2-0-0,0,0,0,0,0,0,0,0
1784087367423,unknown,VM-112,Stage3-1-0,0,0,0,0,0,0,0,0
1784087368410,unknown,VM-110,Stage2-3-0,0,0,0,0,0,0,0,0
1784087368417,unknown,VM-116,Stage2-0-0,0,0,0,0,0,0,0,0
1784087368417,unknown,VM-111,Stage3-0-0,0,0,0,0,0,0,0,0
1784087368423,unknown,VM-112,Stage3-1-0,0,0,0,0,0,0,0,0
1784087368595,unknown,VM-115,Stage1-1-0,0,50250,49245,75383,48836,5450910,0,0
1784087369405,unknown,VM-115,Stage1-1-0,0,90476,88628,79624,360999,9798827,0,0
1784087369410,unknown,VM-110,Stage2-3-0,0,0,0,0,0,0,0,0
1784087369417,unknown,VM-116,Stage2-0-0,0,0,0,0,0,0,0,0
1784087369417,unknown,VM-111,Stage3-0-0,0,0,0,0,0,0,0,0
1784087369423,unknown,VM-112,Stage3-1-0,0,0,0,0,0,0,0,0
1784087370405,unknown,VM-115,Stage1-1-0,0,8676,8527,26423,15789,942291,0,0
1784087370410,unknown,VM-110,Stage2-3-0,0,0,0,0,0,0,0,0
1784087370417,unknown,VM-116,Stage2-0-0,0,0,0,0,0,0,0,0
1784087370417,unknown,VM-111,Stage3-0-0,0,0,0,0,0,0,0,0
1784087370423,unknown,VM-112,Stage3-1-0,0,0,0,0,0,0,0,0
1784087371405,unknown,VM-115,Stage1-1-0,0,90863,89009,138772,93361,9841310,0,0
1784087371410,unknown,VM-110,Stage2-3-0,0,0,0,0,0,0,0,0
1784087371417,unknown,VM-116,Stage2-0-0,0,0,0,0,0,0,0,0
1784087371417,unknown,VM-111,Stage3-0-0,0,0,0,0,0,0,0,0
1784087371423,unknown,VM-112,Stage3-1-0,0,0,0,0,0,0,0,0
1784087372405,unknown,VM-115,Stage1-1-0,0,53222,52141,76834,46192,5765772,0,0
1784087372410,unknown,VM-110,Stage2-3-0,0,0,0,0,0,0,0,0
1784087372417,unknown,VM-116,Stage2-0-0,0,0,0,0,0,0,0,0
1784087372417,unknown,VM-111,Stage3-0-0,0,0,0,0,0,0,0,0
1784087372423,unknown,VM-112,Stage3-1-0,0,0,0,0,0,0,0,0
1784087373410,unknown,VM-110,Stage2-3-0,0,0,0,0,0,0,0,0
1784087373417,unknown,VM-111,Stage3-0-0,0,0,0,0,0,0,0,0
1784087373417,unknown,VM-116,Stage2-0-0,0,0,0,0,0,0,0,0
1784087373423,unknown,VM-112,Stage3-1-0,0,0,0,0,0,0,0,0
1784087373690,unknown,VM-115,Stage1-1-0,0,52061,50964,79121,46606,5633113,0,0
1784087374405,unknown,VM-115,Stage1-1-0,0,51227,50142,88887,39139,5569275,0,0
1784087374410,unknown,VM-110,Stage2-3-0,0,0,0,0,0,0,0,0
1784087374417,unknown,VM-116,Stage2-0-0,0,0,0,0,0,0,0,0
1784087374417,unknown,VM-111,Stage3-0-0,0,0,0,0,0,0,0,0
1784087374423,unknown,VM-112,Stage3-1-0,0,0,0,0,0,0,0,0
1784087375405,unknown,VM-115,Stage1-1-0,0,50107,49055,73692,46179,5440808,0,0
1784087375410,unknown,VM-110,Stage2-3-0,0,0,0,0,0,0,0,0
1784087375417,unknown,VM-111,Stage3-0-0,0,0,0,0,0,0,0,0
1784087375417,unknown,VM-116,Stage2-0-0,0,0,0,0,0,0,0,0
1784087375423,unknown,VM-112,Stage3-1-0,0,0,0,0,0,0,0,0
1784087376405,unknown,VM-115,Stage1-1-0,0,50245,49272,73742,44256,5445120,0,0
1784087376410,unknown,VM-110,Stage2-3-0,0,0,0,0,0,0,0,0
1784087376417,unknown,VM-111,Stage3-0-0,0,0,0,0,0,0,0,0
1784087376417,unknown,VM-116,Stage2-0-0,0,0,0,0,0,0,0,0
1784087376423,unknown,VM-112,Stage3-1-0,0,0,0,0,0,0,0,0
1784087377405,unknown,VM-115,Stage1-1-0,0,49908,48881,75028,43620,5389538,0,0
1784087377410,unknown,VM-110,Stage2-3-0,0,0,0,0,0,0,0,0
1784087377416,unknown,VM-116,Stage2-0-0,0,0,0,0,0,0,0,0
1784087377417,unknown,VM-111,Stage3-0-0,0,0,0,0,0,0,0,0
1784087377423,unknown,VM-112,Stage3-1-0,0,0,0,0,0,0,0,0
1784087378405,unknown,VM-115,Stage1-1-0,0,49933,48918,77310,50963,5407964,0,0
1784087378410,unknown,VM-110,Stage2-3-0,0,0,0,0,0,0,0,0
1784087378417,unknown,VM-116,Stage2-0-0,0,0,0,0,0,0,0,0
1784087378417,unknown,VM-111,Stage3-0-0,0,0,0,0,0,0,0,0
1784087378423,unknown,VM-112,Stage3-1-0,0,0,0,0,0,0,0,0
1784087379410,unknown,VM-110,Stage2-3-0,0,0,0,0,0,0,0,0
1784087379417,unknown,VM-111,Stage3-0-0,0,0,0,0,0,0,0,0
1784087379417,unknown,VM-116,Stage2-0-0,0,0,0,0,0,0,0,0
1784087379423,unknown,VM-112,Stage3-1-0,0,0,0,0,0,0,0,0
1784087379670,unknown,VM-115,Stage1-1-0,0,45024,44156,71845,43526,4884477,0,0
1784087380405,unknown,VM-115,Stage1-1-0,0,12512,12241,25423,300675,1352884,0,0
1784087380410,unknown,VM-110,Stage2-3-0,0,0,0,0,0,0,0,0
1784087380417,unknown,VM-116,Stage2-0-0,0,0,0,0,0,0,0,0
1784087380417,unknown,VM-111,Stage3-0-0,0,0,0,0,0,0,0,0
1784087380423,unknown,VM-112,Stage3-1-0,0,0,0,0,0,0,0,0
1784087381405,unknown,VM-115,Stage1-1-0,0,86334,84627,126969,79716,9355417,0,0
1784087381410,unknown,VM-110,Stage2-3-0,0,0,0,0,0,0,0,0
1784087381417,unknown,VM-116,Stage2-0-0,0,0,0,0,0,0,0,0
1784087381417,unknown,VM-111,Stage3-0-0,0,0,0,0,0,0,0,0
1784087381423,unknown,VM-112,Stage3-1-0,0,0,0,0,0,0,0,0
1784087382405,unknown,VM-115,Stage1-1-0,0,51047,50010,78626,50193,5526429,0,0
1784087382410,unknown,VM-110,Stage2-3-0,0,0,0,0,0,0,0,0
1784087382417,unknown,VM-116,Stage2-0-0,0,0,0,0,0,0,0,0
1784087382417,unknown,VM-111,Stage3-0-0,0,0,0,0,0,0,0,0
1784087382423,unknown,VM-112,Stage3-1-0,0,0,0,0,0,0,0,0
1784087383405,unknown,VM-115,Stage1-1-0,0,55003,53942,81264,45466,5919510,0,0
1784087383410,unknown,VM-110,Stage2-3-0,0,0,0,0,0,0,0,0
1784087383417,unknown,VM-111,Stage3-0-0,0,0,0,0,0,0,0,0
1784087383417,unknown,VM-116,Stage2-0-0,0,0,0,0,0,0,0,0
1784087383423,unknown,VM-112,Stage3-1-0,0,0,0,0,0,0,0,0
1784087384405,unknown,VM-115,Stage1-1-0,0,49379,48330,73786,44927,5368748,0,0
1784087384410,unknown,VM-110,Stage2-3-0,0,0,0,0,0,0,0,0
1784087384417,unknown,VM-116,Stage2-0-0,0,0,0,0,0,0,0,0
1784087384417,unknown,VM-111,Stage3-0-0,0,0,0,0,0,0,0,0
1784087384423,unknown,VM-112,Stage3-1-0,0,0,0,0,0,0,0,0
1784087385410,unknown,VM-110,Stage2-3-0,0,0,0,0,0,0,0,0
1784087385417,unknown,VM-116,Stage2-0-0,0,0,0,0,0,0,0,0
1784087385417,unknown,VM-111,Stage3-0-0,0,0,0,0,0,0,0,0
1784087385423,unknown,VM-112,Stage3-1-0,0,0,0,0,0,0,0,0
1784087385658,unknown,VM-115,Stage1-1-0,0,42428,41566,65564,44133,4580762,0,0
1784087386405,unknown,VM-115,Stage1-1-0,0,58086,56943,76107,328914,6286208,0,0
1784087386410,unknown,VM-110,Stage2-3-0,0,0,0,0,0,0,0,0
1784087386417,unknown,VM-116,Stage2-0-0,0,0,0,0,0,0,0,0
1784087386417,unknown,VM-111,Stage3-0-0,0,0,0,0,0,0,0,0
1784087386423,unknown,VM-112,Stage3-1-0,0,0,0,0,0,0,0,0
1784087387405,unknown,VM-115,Stage1-1-0,0,50069,49107,78571,45817,5415756,0,0
1784087387410,unknown,VM-110,Stage2-3-0,0,0,0,0,0,0,0,0
1784087387416,unknown,VM-116,Stage2-0-0,0,0,0,0,0,0,0,0
1784087387417,unknown,VM-111,Stage3-0-0,0,0,0,0,0,0,0,0
1784087387423,unknown,VM-112,Stage3-1-0,0,0,0,0,0,0,0,0
1784087388405,unknown,VM-115,Stage1-1-0,0,36396,35638,78320,54534,3945373,0,0
1784087388410,unknown,VM-110,Stage2-3-0,0,0,0,0,0,0,0,0
1784087388417,unknown,VM-116,Stage2-0-0,0,0,0,0,0,0,0,0
1784087388417,unknown,VM-111,Stage3-0-0,0,0,0,0,0,0,0,0
1784087388423,unknown,VM-112,Stage3-1-0,0,0,0,0,0,0,0,0
1784087389405,unknown,VM-115,Stage1-1-0,0,63509,62239,90304,59210,6890029,0,0
1784087389410,unknown,VM-110,Stage2-3-0,0,0,0,0,0,0,0,0
1784087389417,unknown,VM-111,Stage3-0-0,0,0,0,0,0,0,0,0
1784087389417,unknown,VM-116,Stage2-0-0,0,0,0,0,0,0,0,0
1784087389423,unknown,VM-112,Stage3-1-0,0,0,0,0,0,0,0,0
1784087390405,unknown,VM-115,Stage1-1-0,0,14480,14228,39175,22675,1568229,0,0
1784087390410,unknown,VM-110,Stage2-3-0,0,0,0,0,0,0,0,0
1784087390417,unknown,VM-111,Stage3-0-0,0,0,0,0,0,0,0,0
1784087390417,unknown,VM-116,Stage2-0-0,0,0,0,0,0,0,0,0
1784087390423,unknown,VM-112,Stage3-1-0,0,0,0,0,0,0,0,0
1784087391410,unknown,VM-110,Stage2-3-0,0,0,0,0,0,0,0,0
1784087391417,unknown,VM-111,Stage3-0-0,0,0,0,0,0,0,0,0
1784087391417,unknown,VM-116,Stage2-0-0,0,0,0,0,0,0,0,0
1784087391423,unknown,VM-112,Stage3-1-0,0,0,0,0,0,0,0,0
1784087391672,unknown,VM-115,Stage1-1-0,0,74466,73006,107469,72201,8065366,0,0
1784087392405,unknown,VM-115,Stage1-1-0,0,57608,56416,374451,45154,6218879,0,0
1784087392410,unknown,VM-110,Stage2-3-0,0,0,0,0,0,0,0,0
1784087392417,unknown,VM-116,Stage2-0-0,0,0,0,0,0,0,0,0
1784087392417,unknown,VM-111,Stage3-0-0,0,0,0,0,0,0,0,0
1784087392423,unknown,VM-112,Stage3-1-0,0,0,0,0,0,0,0,0
1784087393405,unknown,VM-115,Stage1-1-0,0,53927,52792,79986,47577,5844544,0,0
1784087393410,unknown,VM-110,Stage2-3-0,0,0,0,0,0,0,0,0
1784087393417,unknown,VM-111,Stage3-0-0,0,0,0,0,0,0,0,0
1784087393417,unknown,VM-116,Stage2-0-0,0,0,0,0,0,0,0,0
1784087393423,unknown,VM-112,Stage3-1-0,0,0,0,0,0,0,0,0
1784087394405,unknown,VM-115,Stage1-1-0,0,49962,48947,77993,45444,5428254,0,0
1784087394410,unknown,VM-110,Stage2-3-0,0,0,0,0,0,0,0,0
1784087394417,unknown,VM-111,Stage3-0-0,0,0,0,0,0,0,0,0
1784087394417,unknown,VM-116,Stage2-0-0,0,0,0,0,0,0,0,0
1784087394423,unknown,VM-112,Stage3-1-0,0,0,0,0,0,0,0,0
1784087395405,unknown,VM-115,Stage1-1-0,0,50181,49184,88463,44778,5439161,0,0
1784087395410,unknown,VM-110,Stage2-3-0,0,0,0,0,0,0,0,0
1784087395417,unknown,VM-116,Stage2-0-0,0,0,0,0,0,0,0,0
1784087395417,unknown,VM-111,Stage3-0-0,0,0,0,0,0,0,0,0
1784087395423,unknown,VM-112,Stage3-1-0,0,0,0,0,0,0,0,0
1784087396405,unknown,VM-115,Stage1-1-0,0,49793,48806,79322,43454,5388446,0,0
1784087396410,unknown,VM-110,Stage2-3-0,0,0,0,0,0,0,0,0
1784087396417,unknown,VM-116,Stage2-0-0,0,0,0,0,0,0,0,0
1784087396417,unknown,VM-111,Stage3-0-0,0,0,0,0,0,0,0,0
1784087396423,unknown,VM-112,Stage3-1-0,0,0,0,0,0,0,0,0
1784087397410,unknown,VM-110,Stage2-3-0,0,0,0,0,0,0,0,0
1784087397417,unknown,VM-116,Stage2-0-0,0,0,0,0,0,0,0,0
1784087397417,unknown,VM-111,Stage3-0-0,0,0,0,0,0,0,0,0
1784087397423,unknown,VM-112,Stage3-1-0,0,0,0,0,0,0,0,0
1784087397638,unknown,VM-115,Stage1-1-0,0,34808,34099,63311,44392,3767658,0,0
1784087398405,unknown,VM-115,Stage1-1-0,0,65090,63840,367933,43147,7056868,0,0
1784087398410,unknown,VM-110,Stage2-3-0,0,0,0,0,0,0,0,0
1784087398417,unknown,VM-116,Stage2-0-0,0,0,0,0,0,0,0,0
1784087398417,unknown,VM-111,Stage3-0-0,0,0,0,0,0,0,0,0
1784087398423,unknown,VM-112,Stage3-1-0,0,0,0,0,0,0,0,0
1784087399405,unknown,VM-115,Stage1-1-0,0,50036,49040,75813,46102,5419593,0,0
1784087399410,unknown,VM-110,Stage2-3-0,0,0,0,0,0,0,0,0
1784087399417,unknown,VM-116,Stage2-0-0,0,0,0,0,0,0,0,0
1784087399417,unknown,VM-111,Stage3-0-0,0,0,0,0,0,0,0,0
1784087399423,unknown,VM-112,Stage3-1-0,0,0,0,0,0,0,0,0
1784087400405,unknown,VM-115,Stage1-1-0,0,9427,9235,36287,17116,1025292,0,0
1784087400410,unknown,VM-110,Stage2-3-0,0,0,0,0,0,0,0,0
1784087400417,unknown,VM-116,Stage2-0-0,0,0,0,0,0,0,0,0
1784087400417,unknown,VM-111,Stage3-0-0,0,0,0,0,0,0,0,0
1784087400423,unknown,VM-112,Stage3-1-0,0,0,0,0,0,0,0,0
1784087401405,unknown,VM-115,Stage1-1-0,0,86492,84761,122537,76043,9356830,0,0
1784087401410,unknown,VM-110,Stage2-3-0,0,0,0,0,0,0,0,0
1784087401417,unknown,VM-116,Stage2-0-0,0,0,0,0,0,0,0,0
1784087401417,unknown,VM-111,Stage3-0-0,0,0,0,0,0,0,0,0
1784087401423,unknown,VM-112,Stage3-1-0,0,0,0,0,0,0,0,0
1784087402405,unknown,VM-115,Stage1-1-0,0,48641,47655,89850,40571,5255411,0,0
1784087402410,unknown,VM-110,Stage2-3-0,0,0,0,0,0,0,0,0
1784087402417,unknown,VM-111,Stage3-0-0,0,0,0,0,0,0,0,0
1784087402417,unknown,VM-116,Stage2-0-0,0,0,0,0,0,0,0,0
1784087402423,unknown,VM-112,Stage3-1-0,0,0,0,0,0,0,0,0
1784087403410,unknown,VM-110,Stage2-3-0,0,0,0,0,0,0,0,0
1784087403417,unknown,VM-116,Stage2-0-0,0,0,0,0,0,0,0,0
1784087403417,unknown,VM-111,Stage3-0-0,0,0,0,0,0,0,0,0
1784087403423,unknown,VM-112,Stage3-1-0,0,0,0,0,0,0,0,0
1784087403632,unknown,VM-115,Stage1-1-0,0,37488,36753,81528,42019,4051909,0,0
1784087404405,unknown,VM-115,Stage1-1-0,0,67428,66094,366124,45819,7296802,0,0
1784087404410,unknown,VM-110,Stage2-3-0,0,0,0,0,0,0,0,0
1784087404417,unknown,VM-116,Stage2-0-0,0,0,0,0,0,0,0,0
1784087404417,unknown,VM-111,Stage3-0-0,0,0,0,0,0,0,0,0
1784087404423,unknown,VM-112,Stage3-1-0,0,0,0,0,0,0,0,0
1784087405405,unknown,VM-115,Stage1-1-0,0,50635,49671,76039,46301,5464027,0,0
1784087405410,unknown,VM-110,Stage2-3-0,0,0,0,0,0,0,0,0
1784087405417,unknown,VM-116,Stage2-0-0,0,0,0,0,0,0,0,0
1784087405417,unknown,VM-111,Stage3-0-0,0,0,0,0,0,0,0,0
1784087405423,unknown,VM-112,Stage3-1-0,0,0,0,0,0,0,0,0
1784087406405,unknown,VM-115,Stage1-1-0,0,49672,48690,75173,47537,5376170,0,0
1784087406410,unknown,VM-110,Stage2-3-0,0,0,0,0,0,0,0,0
1784087406417,unknown,VM-116,Stage2-0-0,0,0,0,0,0,0,0,0
1784087406417,unknown,VM-111,Stage3-0-0,0,0,0,0,0,0,0,0
1784087406423,unknown,VM-112,Stage3-1-0,0,0,0,0,0,0,0,0
1784087407405,unknown,VM-115,Stage1-1-0,0,44054,43145,84744,38682,4771611,0,0
1784087407410,unknown,VM-110,Stage2-3-0,0,0,0,0,0,0,0,0
1784087407417,unknown,VM-116,Stage2-0-0,0,0,0,0,0,0,0,0
1784087407417,unknown,VM-111,Stage3-0-0,0,0,0,0,0,0,0,0
1784087407423,unknown,VM-112,Stage3-1-0,0,0,0,0,0,0,0,0
1784087408405,unknown,VM-115,Stage1-1-0,0,55487,54396,83153,49571,6003145,0,0
1784087408410,unknown,VM-110,Stage2-3-0,0,0,0,0,0,0,0,0
1784087408417,unknown,VM-116,Stage2-0-0,0,0,0,0,0,0,0,0
1784087408417,unknown,VM-111,Stage3-0-0,0,0,0,0,0,0,0,0
1784087408423,unknown,VM-112,Stage3-1-0,0,0,0,0,0,0,0,0
1784087409410,unknown,VM-110,Stage2-3-0,0,0,0,0,0,0,0,0
1784087409417,unknown,VM-116,Stage2-0-0,0,0,0,0,0,0,0,0
1784087409417,unknown,VM-111,Stage3-0-0,0,0,0,0,0,0,0,0
1784087409423,unknown,VM-112,Stage3-1-0,0,0,0,0,0,0,0,0
1784087410410,unknown,VM-110,Stage2-3-0,0,0,0,0,0,0,0,0
1784087410417,unknown,VM-116,Stage2-0-0,0,0,0,0,0,0,0,0
1784087410417,unknown,VM-111,Stage3-0-0,0,0,0,0,0,0,0,0
1784087410423,unknown,VM-112,Stage3-1-0,0,0,0,0,0,0,0,0
1784087411410,unknown,VM-110,Stage2-3-0,0,0,0,0,0,0,0,0
1784087411417,unknown,VM-111,Stage3-0-0,0,0,0,0,0,0,0,0
1784087411417,unknown,VM-116,Stage2-0-0,0,0,0,0,0,0,0,0
1784087411423,unknown,VM-112,Stage3-1-0,0,0,0,0,0,0,0,0
1784087412410,unknown,VM-110,Stage2-3-0,0,0,0,0,0,0,0,0
1784087412417,unknown,VM-111,Stage3-0-0,0,0,0,0,0,0,0,0
1784087412417,unknown,VM-116,Stage2-0-0,0,0,0,0,0,0,0,0
1784087412424,unknown,VM-112,Stage3-1-0,0,0,0,0,0,0,0,0
1784087413263,unknown,VM-115,Stage1-1-0,0,29475,28883,57591,40613,3202031,0,0
1784087413263,unknown,VM-115,Stage1-1-0,0,0,0,0,0,0,0,0
1784087413263,unknown,VM-115,Stage1-1-0,0,0,0,0,0,0,0,0
1784087413263,unknown,VM-115,Stage1-1-0,0,0,0,0,0,0,0,0
1784087413405,unknown,VM-115,Stage1-1-0,0,85459,83686,3933437,2992,9248951,0,0
1784087413410,unknown,VM-110,Stage2-3-0,0,0,0,0,0,0,0,0
1784087413416,unknown,VM-116,Stage2-0-0,0,0,0,0,0,0,0,0
1784087413416,unknown,VM-111,Stage3-0-0,0,0,0,0,0,0,0,0
1784087413423,unknown,VM-112,Stage3-1-0,0,0,0,0,0,0,0,0
1784087414405,unknown,VM-115,Stage1-1-0,0,175202,171725,166978,101584,18977252,0,0
1784087414410,unknown,VM-110,Stage2-3-0,0,0,0,0,0,0,0,0
1784087414416,unknown,VM-116,Stage2-0-0,0,0,0,0,0,0,0,0
1784087414417,unknown,VM-111,Stage3-0-0,0,0,0,0,0,0,0,0
1784087414423,unknown,VM-112,Stage3-1-0,0,0,0,0,0,0,0,0
1784087415405,unknown,VM-115,Stage1-1-0,0,43996,43142,72408,48238,4766043,0,0
1784087415410,unknown,VM-110,Stage2-3-0,0,0,0,0,0,0,0,0
1784087415416,unknown,VM-116,Stage2-0-0,0,0,0,0,0,0,0,0
1784087415416,unknown,VM-111,Stage3-0-0,0,0,0,0,0,0,0,0
1784087415423,unknown,VM-112,Stage3-1-0,0,0,0,0,0,0,0,0
1784087416405,unknown,VM-115,Stage1-1-0,0,54159,53119,97132,67843,5872098,0,0
1784087416410,unknown,VM-110,Stage2-3-0,0,0,0,0,0,0,0,0
1784087416416,unknown,VM-116,Stage2-0-0,0,0,0,0,0,0,0,0
1784087416417,unknown,VM-111,Stage3-0-0,0,0,0,0,0,0,0,0
1784087416423,unknown,VM-112,Stage3-1-0,0,0,0,0,0,0,0,0
1784087417405,unknown,VM-115,Stage1-1-0,0,47738,46723,96546,102668,5164967,0,0
1784087417410,unknown,VM-110,Stage2-3-0,0,0,0,0,0,0,0,0
1784087417416,unknown,VM-116,Stage2-0-0,0,0,0,0,0,0,0,0
1784087417416,unknown,VM-111,Stage3-0-0,0,0,0,0,0,0,0,0
1784087417423,unknown,VM-112,Stage3-1-0,0,0,0,0,0,0,0,0
1784087418405,unknown,VM-115,Stage1-1-0,0,37689,36961,78110,79555,4074964,0,0
1784087418410,unknown,VM-110,Stage2-3-0,0,0,0,0,0,0,0,0
1784087418417,unknown,VM-111,Stage3-0-0,0,0,0,0,0,0,0,0
1784087418417,unknown,VM-116,Stage2-0-0,0,0,0,0,0,0,0,0
1784087418423,unknown,VM-112,Stage3-1-0,0,0,0,0,0,0,0,0
1784087419410,unknown,VM-110,Stage2-3-0,0,0,0,0,0,0,0,0
1784087419416,unknown,VM-111,Stage3-0-0,0,0,0,0,0,0,0,0
1784087419416,unknown,VM-116,Stage2-0-0,0,0,0,0,0,0,0,0
1784087419423,unknown,VM-112,Stage3-1-0,0,0,0,0,0,0,0,0
1784087420320,unknown,VM-115,Stage1-1-0,0,28274,27701,49520,46589,3063178,0,0
1784087420405,unknown,VM-115,Stage1-1-0,0,27233,26697,1093846,1341,2947688,0,0
1784087420410,unknown,VM-110,Stage2-3-0,0,0,0,0,0,0,0,0
1784087420416,unknown,VM-111,Stage3-0-0,0,0,0,0,0,0,0,0
1784087420416,unknown,VM-116,Stage2-0-0,0,0,0,0,0,0,0,0
1784087420423,unknown,VM-112,Stage3-1-0,0,0,0,0,0,0,0,0
1784087421405,unknown,VM-115,Stage1-1-0,0,120762,118278,75066,47145,13075852,0,0
1784087421410,unknown,VM-110,Stage2-3-0,0,0,0,0,0,0,0,0
1784087421416,unknown,VM-111,Stage3-0-0,0,0,0,0,0,0,0,0
1784087421416,unknown,VM-116,Stage2-0-0,0,0,0,0,0,0,0,0
1784087421423,unknown,VM-112,Stage3-1-0,0,0,0,0,0,0,0,0
1784087422405,unknown,VM-115,Stage1-1-0,0,49748,48797,77344,48603,5388680,0,0
1784087422409,unknown,VM-110,Stage2-3-0,0,0,0,0,0,0,0,0
1784087422416,unknown,VM-116,Stage2-0-0,0,0,0,0,0,0,0,0
1784087422417,unknown,VM-111,Stage3-0-0,0,0,0,0,0,0,0,0
1784087422423,unknown,VM-112,Stage3-1-0,0,0,0,0,0,0,0,0
1784087423405,unknown,VM-115,Stage1-1-0,0,6733,6593,22485,14972,726244,0,0
1784087423410,unknown,VM-110,Stage2-3-0,0,0,0,0,0,0,0,0
1784087423416,unknown,VM-111,Stage3-0-0,0,0,0,0,0,0,0,0
1784087423416,unknown,VM-116,Stage2-0-0,0,0,0,0,0,0,0,0
1784087423423,unknown,VM-112,Stage3-1-0,0,0,0,0,0,0,0,0
1784087424405,unknown,VM-115,Stage1-1-0,0,87801,86020,106400,61743,9496959,0,0
1784087424410,unknown,VM-110,Stage2-3-0,0,0,0,0,0,0,0,0
1784087424416,unknown,VM-116,Stage2-0-0,0,0,0,0,0,0,0,0
1784087424417,unknown,VM-111,Stage3-0-0,0,0,0,0,0,0,0,0
1784087424423,unknown,VM-112,Stage3-1-0,0,0,0,0,0,0,0,0
1784087425405,unknown,VM-115,Stage1-1-0,0,53875,52788,77743,48171,5829238,0,0
1784087425410,unknown,VM-110,Stage2-3-0,0,0,0,0,0,0,0,0
1784087425416,unknown,VM-116,Stage2-0-0,0,0,0,0,0,0,0,0
1784087425416,unknown,VM-111,Stage3-0-0,0,0,0,0,0,0,0,0
1784087425423,unknown,VM-112,Stage3-1-0,0,0,0,0,0,0,0,0
1784087426405,unknown,VM-115,Stage1-1-0,0,51718,50696,88548,48364,5606715,0,0
1784087426410,unknown,VM-110,Stage2-3-0,0,0,0,0,0,0,0,0
1784087426416,unknown,VM-116,Stage2-0-0,0,0,0,0,0,0,0,0
1784087426416,unknown,VM-111,Stage3-0-0,0,0,0,0,0,0,0,0
1784087426423,unknown,VM-112,Stage3-1-0,0,0,0,0,0,0,0,0
1784087427405,unknown,VM-115,Stage1-1-0,0,0,0,0,0,0,0,0
1784087427410,unknown,VM-110,Stage2-3-0,0,0,0,0,0,0,0,0
1784087427416,unknown,VM-116,Stage2-0-0,0,0,0,0,0,0,0,0
1784087427416,unknown,VM-111,Stage3-0-0,0,0,0,0,0,0,0,0
1784087427423,unknown,VM-112,Stage3-1-0,0,0,0,0,0,0,0,0
1784087428405,unknown,VM-115,Stage1-1-0,0,0,0,0,0,0,0,0
1784087428410,unknown,VM-110,Stage2-3-0,0,0,0,0,0,0,0,0
1784087428416,unknown,VM-116,Stage2-0-0,0,0,0,0,0,0,0,0
1784087428416,unknown,VM-111,Stage3-0-0,0,0,0,0,0,0,0,0
1784087428423,unknown,VM-112,Stage3-1-0,0,0,0,0,0,0,0,0
1784087429405,unknown,VM-115,Stage1-1-0,0,0,0,0,0,0,0,0
1784087429410,unknown,VM-110,Stage2-3-0,0,0,0,0,0,0,0,0
1784087429416,unknown,VM-116,Stage2-0-0,0,0,0,0,0,0,0,0
1784087429416,unknown,VM-111,Stage3-0-0,0,0,0,0,0,0,0,0
1784087429423,unknown,VM-112,Stage3-1-0,0,0,0,0,0,0,0,0
1784087430405,unknown,VM-115,Stage1-1-0,0,0,0,0,0,0,0,0
1784087430410,unknown,VM-110,Stage2-3-0,0,0,0,0,0,0,0,0
1784087430416,unknown,VM-116,Stage2-0-0,0,0,0,0,0,0,0,0
1784087430416,unknown,VM-111,Stage3-0-0,0,0,0,0,0,0,0,0
1784087430423,unknown,VM-112,Stage3-1-0,0,0,0,0,0,0,0,0
1784087431405,unknown,VM-115,Stage1-1-0,0,0,0,0,0,0,0,0
1784087431410,unknown,VM-110,Stage2-3-0,0,0,0,0,0,0,0,0
1784087431416,unknown,VM-116,Stage2-0-0,0,0,0,0,0,0,0,0
1784087431416,unknown,VM-111,Stage3-0-0,0,0,0,0,0,0,0,0
1784087431423,unknown,VM-112,Stage3-1-0,0,0,0,0,0,0,0,0
1784087432405,unknown,VM-115,Stage1-1-0,0,0,0,0,0,0,0,0
1784087432410,unknown,VM-110,Stage2-3-0,0,0,0,0,0,0,0,0
1784087432416,unknown,VM-116,Stage2-0-0,0,0,0,0,0,0,0,0
1784087432416,unknown,VM-111,Stage3-0-0,0,0,0,0,0,0,0,0
1784087432423,unknown,VM-112,Stage3-1-0,0,0,0,0,0,0,0,0
1784087433405,unknown,VM-115,Stage1-1-0,0,0,0,0,0,0,0,0
1784087433410,unknown,VM-110,Stage2-3-0,0,0,0,0,0,0,0,0
1784087433416,unknown,VM-116,Stage2-0-0,0,0,0,0,0,0,0,0
1784087433416,unknown,VM-111,Stage3-0-0,0,0,0,0,0,0,0,0
1784087433423,unknown,VM-112,Stage3-1-0,0,0,0,0,0,0,0,0
1784087434405,unknown,VM-115,Stage1-1-0,0,0,0,0,0,0,0,0
1784087434410,unknown,VM-110,Stage2-3-0,0,0,0,0,0,0,0,0
1784087434416,unknown,VM-116,Stage2-0-0,0,0,0,0,0,0,0,0
1784087434417,unknown,VM-111,Stage3-0-0,0,0,0,0,0,0,0,0
1784087434423,unknown,VM-112,Stage3-1-0,0,0,0,0,0,0,0,0
1784087435405,unknown,VM-115,Stage1-1-0,0,0,0,0,0,0,0,0
1784087435410,unknown,VM-110,Stage2-3-0,0,0,0,0,0,0,0,0
1784087435416,unknown,VM-116,Stage2-0-0,0,0,0,0,0,0,0,0
1784087435416,unknown,VM-111,Stage3-0-0,0,0,0,0,0,0,0,0
1784087435423,unknown,VM-112,Stage3-1-0,0,0,0,0,0,0,0,0
1784087436405,unknown,VM-115,Stage1-1-0,0,0,0,0,0,0,0,0
1784087436410,unknown,VM-110,Stage2-3-0,0,0,0,0,0,0,0,0
1784087436416,unknown,VM-111,Stage3-0-0,0,0,0,0,0,0,0,0
1784087436416,unknown,VM-116,Stage2-0-0,0,0,0,0,0,0,0,0
1784087436423,unknown,VM-112,Stage3-1-0,0,0,0,0,0,0,0,0
1784087437405,unknown,VM-115,Stage1-1-0,0,0,0,0,0,0,0,0
1784087437410,unknown,VM-110,Stage2-3-0,0,0,0,0,0,0,0,0
1784087437416,unknown,VM-116,Stage2-0-0,0,0,0,0,0,0,0,0
1784087437416,unknown,VM-111,Stage3-0-0,0,0,0,0,0,0,0,0
1784087437423,unknown,VM-112,Stage3-1-0,0,0,0,0,0,0,0,0
1784087438405,unknown,VM-115,Stage1-1-0,0,0,0,0,0,0,0,0
1784087438410,unknown,VM-110,Stage2-3-0,0,0,0,0,0,0,0,0
1784087438416,unknown,VM-116,Stage2-0-0,0,0,0,0,0,0,0,0
1784087438416,unknown,VM-111,Stage3-0-0,0,0,0,0,0,0,0,0
1784087438423,unknown,VM-112,Stage3-1-0,0,0,0,0,0,0,0,0
1784087439405,unknown,VM-115,Stage1-1-0,0,0,0,0,0,0,0,0
1784087439410,unknown,VM-110,Stage2-3-0,0,0,0,0,0,0,0,0
1784087439416,unknown,VM-111,Stage3-0-0,0,0,0,0,0,0,0,0
1784087439417,unknown,VM-116,Stage2-0-0,0,0,0,0,0,0,0,0
1784087439423,unknown,VM-112,Stage3-1-0,0,0,0,0,0,0,0,0
1784087440405,unknown,VM-115,Stage1-1-0,0,0,0,0,0,0,0,0
1784087440410,unknown,VM-110,Stage2-3-0,0,0,0,0,0,0,0,0
1784087440417,unknown,VM-111,Stage3-0-0,0,0,0,0,0,0,0,0
1784087440417,unknown,VM-116,Stage2-0-0,0,0,0,0,0,0,0,0
1784087440423,unknown,VM-112,Stage3-1-0,0,0,0,0,0,0,0,0
1784087441405,unknown,VM-115,Stage1-1-0,0,0,0,0,0,0,0,0
1784087441410,unknown,VM-110,Stage2-3-0,0,0,0,0,0,0,0,0
1784087441416,unknown,VM-111,Stage3-0-0,0,0,0,0,0,0,0,0
1784087441416,unknown,VM-116,Stage2-0-0,0,0,0,0,0,0,0,0
1784087441423,unknown,VM-112,Stage3-1-0,0,0,0,0,0,0,0,0
1784087442405,unknown,VM-115,Stage1-1-0,0,0,0,0,0,0,0,0
1784087442410,unknown,VM-110,Stage2-3-0,0,0,0,0,0,0,0,0
1784087442416,unknown,VM-116,Stage2-0-0,0,0,0,0,0,0,0,0
1784087442416,unknown,VM-111,Stage3-0-0,0,0,0,0,0,0,0,0
1784087442423,unknown,VM-112,Stage3-1-0,0,0,0,0,0,0,0,0
1784087443405,unknown,VM-115,Stage1-1-0,0,0,0,0,0,0,0,0
1784087443410,unknown,VM-110,Stage2-3-0,0,0,0,0,0,0,0,0
1784087443416,unknown,VM-116,Stage2-0-0,0,0,0,0,0,0,0,0
1784087443416,unknown,VM-111,Stage3-0-0,0,0,0,0,0,0,0,0
1784087443423,unknown,VM-112,Stage3-1-0,0,0,0,0,0,0,0,0
1784087444405,unknown,VM-115,Stage1-1-0,0,0,0,0,0,0,0,0
1784087444410,unknown,VM-110,Stage2-3-0,0,0,0,0,0,0,0,0
1784087444416,unknown,VM-116,Stage2-0-0,0,0,0,0,0,0,0,0
1784087444416,unknown,VM-111,Stage3-0-0,0,0,0,0,0,0,0,0
1784087444423,unknown,VM-112,Stage3-1-0,0,0,0,0,0,0,0,0
1784087445405,unknown,VM-115,Stage1-1-0,0,0,0,0,0,0,0,0
1784087445410,unknown,VM-110,Stage2-3-0,0,0,0,0,0,0,0,0
1784087445416,unknown,VM-116,Stage2-0-0,0,0,0,0,0,0,0,0
1784087445416,unknown,VM-111,Stage3-0-0,0,0,0,0,0,0,0,0
1784087445423,unknown,VM-112,Stage3-1-0,0,0,0,0,0,0,0,0
1784087446405,unknown,VM-115,Stage1-1-0,0,0,0,0,0,0,0,0
1784087446410,unknown,VM-110,Stage2-3-0,0,0,0,0,0,0,0,0
1784087446416,unknown,VM-116,Stage2-0-0,0,0,0,0,0,0,0,0
1784087446416,unknown,VM-111,Stage3-0-0,0,0,0,0,0,0,0,0
1784087446423,unknown,VM-112,Stage3-1-0,0,0,0,0,0,0,0,0
1784087447405,unknown,VM-115,Stage1-1-0,0,0,0,0,0,0,0,0
1784087447410,unknown,VM-110,Stage2-3-0,0,0,0,0,0,0,0,0
1784087447416,unknown,VM-116,Stage2-0-0,0,0,0,0,0,0,0,0
1784087447416,unknown,VM-111,Stage3-0-0,0,0,0,0,0,0,0,0
1784087447423,unknown,VM-112,Stage3-1-0,0,0,0,0,0,0,0,0
1784087448405,unknown,VM-115,Stage1-1-0,0,0,0,0,0,0,0,0
1784087448410,unknown,VM-110,Stage2-3-0,0,0,0,0,0,0,0,0
1784087448416,unknown,VM-111,Stage3-0-0,0,0,0,0,0,0,0,0
1784087448416,unknown,VM-116,Stage2-0-0,0,0,0,0,0,0,0,0
1784087448423,unknown,VM-112,Stage3-1-0,0,0,0,0,0,0,0,0
1784087449405,unknown,VM-115,Stage1-1-0,0,0,0,0,0,0,0,0
1784087449410,unknown,VM-110,Stage2-3-0,0,0,0,0,0,0,0,0
1784087449416,unknown,VM-111,Stage3-0-0,0,0,0,0,0,0,0,0
1784087449417,unknown,VM-116,Stage2-0-0,0,0,0,0,0,0,0,0
1784087449423,unknown,VM-112,Stage3-1-0,0,0,0,0,0,0,0,0
1784087450405,unknown,VM-115,Stage1-1-0,0,0,0,0,0,0,0,0
1784087450410,unknown,VM-110,Stage2-3-0,0,0,0,0,0,0,0,0
1784087450416,unknown,VM-116,Stage2-0-0,0,0,0,0,0,0,0,0
1784087450416,unknown,VM-111,Stage3-0-0,0,0,0,0,0,0,0,0
1784087450423,unknown,VM-112,Stage3-1-0,0,0,0,0,0,0,0,0
1784087451405,unknown,VM-115,Stage1-1-0,0,0,0,0,0,0,0,0
1784087451410,unknown,VM-110,Stage2-3-0,0,0,0,0,0,0,0,0
1784087451416,unknown,VM-116,Stage2-0-0,0,0,0,0,0,0,0,0
1784087451416,unknown,VM-111,Stage3-0-0,0,0,0,0,0,0,0,0
1784087451423,unknown,VM-112,Stage3-1-0,0,0,0,0,0,0,0,0
1784087452405,unknown,VM-115,Stage1-1-0,0,0,0,0,0,0,0,0
1784087452410,unknown,VM-110,Stage2-3-0,0,0,0,0,0,0,0,0
1784087452416,unknown,VM-116,Stage2-0-0,0,0,0,0,0,0,0,0
1784087452416,unknown,VM-111,Stage3-0-0,0,0,0,0,0,0,0,0
1784087452423,unknown,VM-112,Stage3-1-0,0,0,0,0,0,0,0,0
1784087453405,unknown,VM-115,Stage1-1-0,0,0,0,0,0,0,0,0
1784087453410,unknown,VM-110,Stage2-3-0,0,0,0,0,0,0,0,0
1784087453416,unknown,VM-116,Stage2-0-0,0,0,0,0,0,0,0,0
1784087453417,unknown,VM-111,Stage3-0-0,0,0,0,0,0,0,0,0
1784087453423,unknown,VM-112,Stage3-1-0,0,0,0,0,0,0,0,0
1784087454405,unknown,VM-115,Stage1-1-0,0,0,0,0,0,0,0,0
1784087454410,unknown,VM-110,Stage2-3-0,0,0,0,0,0,0,0,0
1784087454416,unknown,VM-116,Stage2-0-0,0,0,0,0,0,0,0,0
1784087454417,unknown,VM-111,Stage3-0-0,0,0,0,0,0,0,0,0
1784087454423,unknown,VM-112,Stage3-1-0,0,0,0,0,0,0,0,0
1784087455405,unknown,VM-115,Stage1-1-0,0,0,0,0,0,0,0,0
1784087455410,unknown,VM-110,Stage2-3-0,0,0,0,0,0,0,0,0
1784087455416,unknown,VM-116,Stage2-0-0,0,0,0,0,0,0,0,0
1784087455417,unknown,VM-111,Stage3-0-0,0,0,0,0,0,0,0,0
1784087455423,unknown,VM-112,Stage3-1-0,0,0,0,0,0,0,0,0
1784087456405,unknown,VM-115,Stage1-1-0,0,0,0,0,0,0,0,0
1784087456410,unknown,VM-110,Stage2-3-0,0,0,0,0,0,0,0,0
1784087456416,unknown,VM-116,Stage2-0-0,0,0,0,0,0,0,0,0
1784087456416,unknown,VM-111,Stage3-0-0,0,0,0,0,0,0,0,0
1784087456423,unknown,VM-112,Stage3-1-0,0,0,0,0,0,0,0,0
1784087457405,unknown,VM-115,Stage1-1-0,0,0,0,0,0,0,0,0
1784087457410,unknown,VM-110,Stage2-3-0,0,0,0,0,0,0,0,0
1784087457416,unknown,VM-116,Stage2-0-0,0,0,0,0,0,0,0,0
1784087457416,unknown,VM-111,Stage3-0-0,0,0,0,0,0,0,0,0
1784087457423,unknown,VM-112,Stage3-1-0,0,0,0,0,0,0,0,0
1784087458405,unknown,VM-115,Stage1-1-0,0,0,0,0,0,0,0,0
1784087458410,unknown,VM-110,Stage2-3-0,0,0,0,0,0,0,0,0
1784087458417,unknown,VM-111,Stage3-0-0,0,0,0,0,0,0,0,0
1784087458417,unknown,VM-116,Stage2-0-0,0,0,0,0,0,0,0,0
1784087458423,unknown,VM-112,Stage3-1-0,0,0,0,0,0,0,0,0
1784087459405,unknown,VM-115,Stage1-1-0,0,0,0,0,0,0,0,0
1784087459410,unknown,VM-110,Stage2-3-0,0,0,0,0,0,0,0,0
1784087459416,unknown,VM-116,Stage2-0-0,0,0,0,0,0,0,0,0
1784087459416,unknown,VM-111,Stage3-0-0,0,0,0,0,0,0,0,0
1784087459423,unknown,VM-112,Stage3-1-0,0,0,0,0,0,0,0,0
1784087460405,unknown,VM-115,Stage1-1-0,0,0,0,0,0,0,0,0
1784087460410,unknown,VM-110,Stage2-3-0,0,0,0,0,0,0,0,0
1784087460416,unknown,VM-111,Stage3-0-0,0,0,0,0,0,0,0,0
1784087460417,unknown,VM-116,Stage2-0-0,0,0,0,0,0,0,0,0
1784087460423,unknown,VM-112,Stage3-1-0,0,0,0,0,0,0,0,0
