1781901404709,84948,Executor0,84948
1781901405707,439100,Executor0,439100
1781901406707,477073,Executor0,477073
1781901407707,483823,Executor0,483823
1781901408707,491545,Executor0,491545
1781901409707,499615,Executor0,499615
1781901410707,508644,Executor0,508644
1781901411707,522636,Executor0,522636
1781901412707,551671,Executor0,551671
1781901413707,659896,Executor0,659896
1781901414707,867600,Executor0,867600
1781901415707,915600,Executor0,915600
1781901416707,963600,Executor0,963600
1781901417707,1011600,Executor0,1011600
1781901418707,1059600,Executor0,1059600
1781901419707,1107600,Executor0,1107600
1781901420707,1154677,Executor0,1154677
1781901421707,1202600,Executor0,1202600
1781901422707,1250468,Executor0,1250468
1781901423707,1298600,Executor0,1298600
1781901424707,1346600,Executor0,1346600
1781901425707,1394584,Executor0,1394584
1781901426707,1442600,Executor0,1442600
1781901427707,1490600,Executor0,1490600
1781901428707,1539600,Executor0,1539600
1781901429707,1587600,Executor0,1587600
1781901430707,1635600,Executor0,1635600
1781901431707,1682600,Executor0,1682600
1781901432707,1730562,Executor0,1730562
1781901433707,1778600,Executor0,1778600
1781901434707,1826100,Executor0,1826100
1781901435707,1874100,Executor0,1874100
1781901436707,1921567,Executor0,1921567
1781901437707,1969600,Executor0,1969600
1781901438707,2022376,Executor0,2022376
1781901439707,2074054,Executor0,2074054
1781901440707,2157872,Executor0,2157872
1781901441707,2311970,Executor0,2311970
1781901442707,2585972,Executor0,2585972
1781901443707,2836195,Executor0,2836195
1781901444707,3068410,Executor0,3068410
1781901445707,3231100,Executor0,3231100
1781901446707,3400252,Executor0,3400252
1781901447707,3584491,Executor0,3584491
1781901448707,3753903,Executor0,3753903
1781901449707,3918069,Executor0,3918069
1781901450707,4027600,Executor0,4027600
1781901451707,4076100,Executor0,4076100
1781901452707,4124600,Executor0,4124600
1781901453707,4174100,Executor0,4174100
1781901454709,4222100,Executor0,4222100
1781901455707,4270100,Executor0,4270100
1781901456707,4318747,Executor0,4318747
1781901457707,4367600,Executor0,4367600
1781901458707,4415600,Executor0,4415600
1781901459707,4463600,Executor0,4463600
1781901460707,4511600,Executor0,4511600
1781901461707,4560100,Executor0,4560100
1781901462707,4609924,Executor0,4609924
1781901463707,4658100,Executor0,4658100
1781901464707,4706206,Executor0,4706206
1781901465707,4754432,Executor0,4754432
1781901466707,4802600,Executor0,4802600
1781901467707,4850100,Executor0,4850100
1781901468707,4898600,Executor0,4898600
1781901469707,4946969,Executor0,4946969
1781901470707,4994600,Executor0,4994600
1781901471707,5041308,Executor0,5041308
1781901472707,5088975,Executor0,5088975
1781901473707,5136539,Executor0,5136539
1781901474707,5185100,Executor0,5185100
1781901475707,5233100,Executor0,5233100
1781901476707,5281100,Executor0,5281100
1781901477707,5329100,Executor0,5329100
1781901478707,5376975,Executor0,5376975
1781901479707,5426100,Executor0,5426100
1781901480707,5474100,Executor0,5474100
1781901481707,5523100,Executor0,5523100
1781901482707,5571100,Executor0,5571100
1781901483707,5619005,Executor0,5619005
1781901484707,5667100,Executor0,5667100
1781901485707,5715394,Executor0,5715394
1781901486707,5763100,Executor0,5763100
1781901487707,5811100,Executor0,5811100
1781901488707,5859100,Executor0,5859100
1781901489707,5905929,Executor0,5905929
1781901490707,5953663,Executor0,5953663
1781901491707,6004118,Executor0,6004118
1781901492707,6059753,Executor0,6059753
1781901493707,6134789,Executor0,6134789
1781901494707,6514100,Executor0,6514100
1781901495707,6689600,Executor0,6689600
1781901496707,6851665,Executor0,6851665
1781901497707,7038953,Executor0,7038953
1781901498707,7038955,Executor0,7038955
1781901499707,7038955,Executor0,7038955
1781901500707,7039102,Executor0,7039102
1781901501707,7054834,Executor0,7054834
1781901502707,7149260,Executor0,7149260
1781901503707,7243231,Executor0,7243231
1781901504707,7435613,Executor0,7435613
1781901505707,7646326,Executor0,7646326
1781901506707,7760795,Executor0,7760795
1781901507707,7907777,Executor0,7907777
1781901508707,7992354,Executor0,7992354
1781901509707,8000000,Executor0,8000000
1781901510707,8000000,Executor0,8000000
1781901511707,8000000,Executor0,8000000
1781901512707,8000000,Executor0,8000000
1781901513707,8000000,Executor0,8000000
1781901514707,8000000,Executor0,8000000
1781901515707,8000000,Executor0,8000000
1781901516707,8000000,Executor0,8000000
1781901517707,8000000,Executor0,8000000
1781901518707,8000000,Executor0,8000000
1781901519707,8000000,Executor0,8000000
1781901520707,8000000,Executor0,8000000
1781901521707,8000000,Executor0,8000000
1781901522707,8000000,Executor0,8000000
1781901523707,8000000,Executor0,8000000
1781901524707,8000000,Executor0,8000000
1781901525707,8000000,Executor0,8000000
1781901526707,8000000,Executor0,8000000
1781901527707,8000000,Executor0,8000000
1781901528707,8000000,Executor0,8000000
1781901529707,8000000,Executor0,8000000
1781901530707,8000000,Executor0,8000000
1781901531707,8000000,Executor0,8000000
1781901532707,8000000,Executor0,8000000
1781901533707,8000000,Executor0,8000000
1781901534707,8000000,Executor0,8000000
1781901535707,8000000,Executor0,8000000
1781901536707,8000000,Executor0,8000000
1781901537707,8000000,Executor0,8000000
1781901538707,8000000,Executor0,8000000
1781901539707,8000000,Executor0,8000000
1781901540707,8000000,Executor0,8000000
1781901541707,8000000,Executor0,8000000
1781901542707,8000000,Executor0,8000000
1781901543707,8000000,Executor0,8000000
1781901544707,8000000,Executor0,8000000
1781901545707,8000000,Executor0,8000000
1781901546707,8000000,Executor0,8000000
1781901547707,8000000,Executor0,8000000
1781901548707,8000000,Executor0,8000000
1781901549707,8000000,Executor0,8000000
1781901550707,8000000,Executor0,8000000
1781901551707,8000000,Executor0,8000000
1781901552707,8000000,Executor0,8000000
1781901553707,8000000,Executor0,8000000
1781901554707,8000000,Executor0,8000000
1781901555707,8000000,Executor0,8000000
1781901556707,8000000,Executor0,8000000
1781901557707,8000000,Executor0,8000000
1781901558707,8000000,Executor0,8000000
1781901559707,8000000,Executor0,8000000
1781901560707,8000000,Executor0,8000000
1781901561707,8000000,Executor0,8000000
1781901562707,8000000,Executor0,8000000
1781901563707,8000000,Executor0,8000000
1781901564707,8000000,Executor0,8000000
1781901565707,8000000,Executor0,8000000
1781901566707,8000000,Executor0,8000000
1781901567707,8000000,Executor0,8000000
1781901568707,8000000,Executor0,8000000
1781901569707,8000000,Executor0,8000000
1781901570707,8000000,Executor0,8000000
1781901571707,8000000,Executor0,8000000
1781901572707,8000000,Executor0,8000000
1781901573707,8000000,Executor0,8000000
1781901574707,8000000,Executor0,8000000
1781901575707,8000000,Executor0,8000000
1781901576707,8000000,Executor0,8000000
1781901577707,8000000,Executor0,8000000
1781901578707,8000000,Executor0,8000000
1781901579707,8000000,Executor0,8000000
1781901580707,8000000,Executor0,8000000
1781901581707,8000000,Executor0,8000000
1781901582707,8000000,Executor0,8000000
1781901583707,8000000,Executor0,8000000
1781901584707,8000000,Executor0,8000000
1781901585707,8000000,Executor0,8000000
1781901586707,8000000,Executor0,8000000
1781901587707,8000000,Executor0,8000000
1781901588707,8000000,Executor0,8000000
1781901589707,8000000,Executor0,8000000
1781901590707,8000000,Executor0,8000000
1781901591707,8000000,Executor0,8000000
1781901592707,8000000,Executor0,8000000
1781901593707,8000000,Executor0,8000000
1781901594707,8000000,Executor0,8000000
1781901595707,8000000,Executor0,8000000
1781901596707,8000000,Executor0,8000000
1781901597707,8000000,Executor0,8000000
1781901598707,8000000,Executor0,8000000
1781901599707,8000000,Executor0,8000000
1781901600707,8000000,Executor0,8000000
1781901601707,8000000,Executor0,8000000
1781901602707,8000000,Executor0,8000000
1781901603707,8000000,Executor0,8000000
1781901604707,8000000,Executor0,8000000
1781901605707,8000000,Executor0,8000000
1781901606707,8000000,Executor0,8000000
1781901607707,8000000,Executor0,8000000
1781901608707,8000000,Executor0,8000000
1781901609707,8000000,Executor0,8000000
1781901610707,8000000,Executor0,8000000
1781901611707,8000000,Executor0,8000000
1781901612707,8000000,Executor0,8000000
1781901613707,8000000,Executor0,8000000
1781901614707,8000000,Executor0,8000000
1781901615707,8000000,Executor0,8000000
1781901616707,8000000,Executor0,8000000
1781901617707,8000000,Executor0,8000000
1781901618707,8000000,Executor0,8000000
1781901619707,8000000,Executor0,8000000
1781901620707,8000000,Executor0,8000000
1781901621707,8000000,Executor0,8000000
1781901622707,8000000,Executor0,8000000
1781901623707,8000000,Executor0,8000000
1781901624707,8000000,Executor0,8000000
1781901625707,8000000,Executor0,8000000
1781901626707,8000000,Executor0,8000000
1781901627707,8000000,Executor0,8000000
1781901628707,8000000,Executor0,8000000
1781901629707,8000000,Executor0,8000000
1781901630707,8000000,Executor0,8000000
1781901631707,8000000,Executor0,8000000
1781901632707,8000000,Executor0,8000000
1781901633707,8000000,Executor0,8000000
1781901634707,8000000,Executor0,8000000
1781901635707,8000000,Executor0,8000000
1781901636707,8000000,Executor0,8000000
1781901637707,8000000,Executor0,8000000
1781901638707,8000000,Executor0,8000000
1781901639707,8000000,Executor0,8000000
1781901640707,8000000,Executor0,8000000
1781901641707,8000000,Executor0,8000000
1781901642707,8000000,Executor0,8000000
1781901643707,8000000,Executor0,8000000
1781901644707,8000000,Executor0,8000000
1781901645707,8000000,Executor0,8000000
1781901646707,8000000,Executor0,8000000
1781901647707,8000000,Executor0,8000000
1781901648707,8000000,Executor0,8000000
1781901649707,8000000,Executor0,8000000
1781901650707,8000000,Executor0,8000000
1781901651707,8000000,Executor0,8000000
1781901652707,8000000,Executor0,8000000
1781901653707,8000000,Executor0,8000000
1781901654707,8000000,Executor0,8000000
1781901655707,8000000,Executor0,8000000
1781901656707,8000000,Executor0,8000000
1781901657707,8000000,Executor0,8000000
1781901658707,8000000,Executor0,8000000
1781901659707,8000000,Executor0,8000000
1781901660707,8000000,Executor0,8000000
1781901661707,8000000,Executor0,8000000
1781901662707,8000000,Executor0,8000000
1781901663707,8000000,Executor0,8000000
1781901664707,8000000,Executor0,8000000
1781901665707,8000000,Executor0,8000000
1781901666707,8000000,Executor0,8000000
1781901667707,8000000,Executor0,8000000
1781901668707,8000000,Executor0,8000000
1781901669707,8000000,Executor0,8000000
1781901670707,8000000,Executor0,8000000
1781901671707,8000000,Executor0,8000000
1781901672707,8000000,Executor0,8000000
1781901673707,8000000,Executor0,8000000
1781901674707,8000000,Executor0,8000000
1781901675707,8000000,Executor0,8000000
1781901676707,8000000,Executor0,8000000
1781901677707,8000000,Executor0,8000000
1781901678707,8000000,Executor0,8000000
1781901679707,8000000,Executor0,8000000
1781901680707,8000000,Executor0,8000000
1781901681707,8000000,Executor0,8000000
1781901682707,8000000,Executor0,8000000
1781901683707,8000000,Executor0,8000000
1781901684707,8000000,Executor0,8000000
1781901685707,8000000,Executor0,8000000
1781901686707,8000000,Executor0,8000000
1781901687707,8000000,Executor0,8000000
1781901688707,8000000,Executor0,8000000
1781901689707,8000000,Executor0,8000000
1781901690707,8000000,Executor0,8000000
1781901691707,8000000,Executor0,8000000
1781901692707,8000000,Executor0,8000000
1781901693707,8000000,Executor0,8000000
1781901694707,8000000,Executor0,8000000
1781901695707,8000000,Executor0,8000000
1781901696707,8000000,Executor0,8000000
1781901697707,8000000,Executor0,8000000
1781901698707,8000000,Executor0,8000000
1781901699707,8000000,Executor0,8000000
1781901700707,8000000,Executor0,8000000
1781901701707,8000000,Executor0,8000000
1781901702707,8000000,Executor0,8000000
1781901703707,8000000,Executor0,8000000
1781901704707,8000000,Executor0,8000000
1781901705707,8000000,Executor0,8000000
1781901706707,8000000,Executor0,8000000
1781901707707,8000000,Executor0,8000000
1781901708707,8000000,Executor0,8000000
1781901709707,8000000,Executor0,8000000
1781901710707,8000000,Executor0,8000000
1781901711707,8000000,Executor0,8000000
1781901712707,8000000,Executor0,8000000
1781901713707,8000000,Executor0,8000000
1781901714707,8000000,Executor0,8000000
1781901715707,8000000,Executor0,8000000
1781901716707,8000000,Executor0,8000000
1781901717707,8000000,Executor0,8000000
1781901718707,8000000,Executor0,8000000
1781901719707,8000000,Executor0,8000000
1781901720707,8000000,Executor0,8000000
1781901721707,8000000,Executor0,8000000
1781901722707,8000000,Executor0,8000000
1781901723707,8000000,Executor0,8000000
1781901724707,8000000,Executor0,8000000
1781901725707,8000000,Executor0,8000000
1781901726707,8000000,Executor0,8000000
1781901727707,8000000,Executor0,8000000
1781901728707,8000000,Executor0,8000000
1781901729707,8000000,Executor0,8000000
1781901730707,8000000,Executor0,8000000
1781901731707,8000000,Executor0,8000000
1781901732707,8000000,Executor0,8000000
1781901733707,8000000,Executor0,8000000
1781901734707,8000000,Executor0,8000000
1781901735707,8000000,Executor0,8000000
1781901736707,8000000,Executor0,8000000
1781901737707,8000000,Executor0,8000000
1781901738707,8000000,Executor0,8000000
1781901739707,8000000,Executor0,8000000
1781901740707,8000000,Executor0,8000000
1781901741707,8000000,Executor0,8000000
1781901742707,8000000,Executor0,8000000
1781901743707,8000000,Executor0,8000000
1781901744707,8000000,Executor0,8000000
1781901745707,8000000,Executor0,8000000
1781901746707,8000000,Executor0,8000000
1781901747707,8000000,Executor0,8000000
1781901748707,8000000,Executor0,8000000
1781901749707,8000000,Executor0,8000000
1781901750707,8000000,Executor0,8000000
1781901751707,8000000,Executor0,8000000
1781901752707,8000000,Executor0,8000000
1781901753707,8000000,Executor0,8000000
1781901754707,8000000,Executor0,8000000
1781901755707,8000000,Executor0,8000000
1781901756707,8000000,Executor0,8000000
1781901757707,8000000,Executor0,8000000
1781901758707,8000000,Executor0,8000000
1781901759707,8000000,Executor0,8000000
1781901760707,8000000,Executor0,8000000
1781901761707,8000000,Executor0,8000000
1781901762707,8000000,Executor0,8000000
1781901763707,8000000,Executor0,8000000
1781901764707,8000000,Executor0,8000000
1781901765707,8000000,Executor0,8000000
1781901766707,8000000,Executor0,8000000
1781901767707,8000000,Executor0,8000000
1781901768707,8000000,Executor0,8000000
1781901769707,8000000,Executor0,8000000
1781901770707,8000000,Executor0,8000000
1781901771707,8000000,Executor0,8000000
1781901772707,8000000,Executor0,8000000
1781901773707,8000000,Executor0,8000000
1781901774707,8000000,Executor0,8000000
1781901775707,8000000,Executor0,8000000
1781901776707,8000000,Executor0,8000000
1781901777707,8000000,Executor0,8000000
1781901778707,8000000,Executor0,8000000
1781901779707,8000000,Executor0,8000000
1781901780707,8000000,Executor0,8000000
1781901781707,8000000,Executor0,8000000
1781901782707,8000000,Executor0,8000000
1781901783707,8000000,Executor0,8000000
1781901784707,8000000,Executor0,8000000
1781901785707,8000000,Executor0,8000000
1781901786707,8000000,Executor0,8000000
1781901787707,8000000,Executor0,8000000
1781901788707,8000000,Executor0,8000000
1781901789707,8000000,Executor0,8000000
1781901790707,8000000,Executor0,8000000
1781901791707,8000000,Executor0,8000000
1781901792707,8000000,Executor0,8000000
1781901793707,8000000,Executor0,8000000
1781901794707,8000000,Executor0,8000000
1781901795707,8000000,Executor0,8000000
1781901796707,8000000,Executor0,8000000
1781901797707,8000000,Executor0,8000000
1781901798707,8000000,Executor0,8000000
1781901799707,8000000,Executor0,8000000
1781901800707,8000000,Executor0,8000000
1781901801707,8000000,Executor0,8000000
1781901802707,8000000,Executor0,8000000
1781901803707,8000000,Executor0,8000000
1781901804707,8000000,Executor0,8000000
1781901805707,8000000,Executor0,8000000
1781901806707,8000000,Executor0,8000000
1781901807707,8000000,Executor0,8000000
1781901808707,8000000,Executor0,8000000
1781901809707,8000000,Executor0,8000000
1781901810707,8000000,Executor0,8000000
1781901811707,8000000,Executor0,8000000
1781901812707,8000000,Executor0,8000000
1781901813707,8000000,Executor0,8000000
1781901814707,8000000,Executor0,8000000
1781901815707,8000000,Executor0,8000000
1781901816707,8000000,Executor0,8000000
1781901817707,8000000,Executor0,8000000
1781901818707,8000000,Executor0,8000000
1781901819707,8000000,Executor0,8000000
1781901820707,8000000,Executor0,8000000
1781901821707,8000000,Executor0,8000000
1781901822707,8000000,Executor0,8000000
1781901823707,8000000,Executor0,8000000
1781901824707,8000000,Executor0,8000000
1781901825707,8000000,Executor0,8000000
1781901826707,8000000,Executor0,8000000
1781901827707,8000000,Executor0,8000000
1781901828707,8000000,Executor0,8000000
1781901829707,8000000,Executor0,8000000
1781901830707,8000000,Executor0,8000000
1781901831707,8000000,Executor0,8000000
1781901832707,8000000,Executor0,8000000
1781901833707,8000000,Executor0,8000000
1781901834707,8000000,Executor0,8000000
1781901835707,8000000,Executor0,8000000
1781901836707,8000000,Executor0,8000000
1781901837707,8000000,Executor0,8000000
1781901838707,8000000,Executor0,8000000
1781901839707,8000000,Executor0,8000000
1781901840707,8000000,Executor0,8000000
1781901841707,8000000,Executor0,8000000
1781901842707,8000000,Executor0,8000000
1781901843707,8000000,Executor0,8000000
1781901844707,8000000,Executor0,8000000
1781901845707,8000000,Executor0,8000000
1781901846707,8000000,Executor0,8000000
1781901847707,8000000,Executor0,8000000
1781901848707,8000000,Executor0,8000000
1781901849707,8000000,Executor0,8000000
1781901850707,8000000,Executor0,8000000
1781901851707,8000000,Executor0,8000000
1781901852707,8000000,Executor0,8000000
1781901853707,8000000,Executor0,8000000
1781901854707,8000000,Executor0,8000000
1781901855707,8000000,Executor0,8000000
1781901856707,8000000,Executor0,8000000
1781901857707,8000000,Executor0,8000000
1781901858707,8000000,Executor0,8000000
1781901859707,8000000,Executor0,8000000
1781901860707,8000000,Executor0,8000000
1781901861707,8000000,Executor0,8000000
1781901862707,8000000,Executor0,8000000
1781901863707,8000000,Executor0,8000000
1781901864707,8000000,Executor0,8000000
1781901865707,8000000,Executor0,8000000
1781901866707,8000000,Executor0,8000000
1781901867707,8000000,Executor0,8000000
1781901868707,8000000,Executor0,8000000
1781901869707,8000000,Executor0,8000000
1781901870707,8000000,Executor0,8000000
1781901871707,8000000,Executor0,8000000
1781901872707,8000000,Executor0,8000000
1781901873707,8000000,Executor0,8000000
1781901874707,8000000,Executor0,8000000
1781901875707,8000000,Executor0,8000000
1781901876707,8000000,Executor0,8000000
1781901877707,8000000,Executor0,8000000
1781901878707,8000000,Executor0,8000000
1781901879707,8000000,Executor0,8000000
1781901880707,8000000,Executor0,8000000
1781901881707,8000000,Executor0,8000000
1781901882707,8000000,Executor0,8000000
1781901883707,8000000,Executor0,8000000
1781901884707,8000000,Executor0,8000000
1781901885707,8000000,Executor0,8000000
1781901886707,8000000,Executor0,8000000
1781901887707,8000000,Executor0,8000000
1781901888707,8000000,Executor0,8000000
1781901889707,8000000,Executor0,8000000
1781901890707,8000000,Executor0,8000000
1781901891707,8000000,Executor0,8000000
1781901892707,8000000,Executor0,8000000
1781901893707,8000000,Executor0,8000000
1781901894707,8000000,Executor0,8000000
1781901895707,8000000,Executor0,8000000
1781901896707,8000000,Executor0,8000000
1781901897707,8000000,Executor0,8000000
1781901898707,8000000,Executor0,8000000
1781901899707,8000000,Executor0,8000000
1781901900707,8000000,Executor0,8000000
1781901901707,8000000,Executor0,8000000
1781901902707,8000000,Executor0,8000000
1781901903707,8000000,Executor0,8000000
1781901904707,8000000,Executor0,8000000
1781901905707,8000000,Executor0,8000000
1781901906707,8000000,Executor0,8000000
1781901907707,8000000,Executor0,8000000
1781901908707,8000000,Executor0,8000000
1781901909707,8000000,Executor0,8000000
1781901910707,8000000,Executor0,8000000
1781901911707,8000000,Executor0,8000000
1781901912707,8000000,Executor0,8000000
1781901913707,8000000,Executor0,8000000
1781901914707,8000000,Executor0,8000000
1781901915707,8000000,Executor0,8000000
1781901916707,8000000,Executor0,8000000
1781901917707,8000000,Executor0,8000000
1781901918707,8000000,Executor0,8000000
1781901919707,8000000,Executor0,8000000
1781901920707,8000000,Executor0,8000000
1781901921707,8000000,Executor0,8000000
1781901922707,8000000,Executor0,8000000
1781901923707,8000000,Executor0,8000000
1781901924707,8000000,Executor0,8000000
1781901925707,8000000,Executor0,8000000
1781901926707,8000000,Executor0,8000000
1781901927707,8000000,Executor0,8000000
1781901928707,8000000,Executor0,8000000
1781901929707,8000000,Executor0,8000000
1781901930707,8000000,Executor0,8000000
1781901931707,8000000,Executor0,8000000
1781901932707,8000000,Executor0,8000000
1781901933707,8000000,Executor0,8000000
1781901934707,8000000,Executor0,8000000
1781901935707,8000000,Executor0,8000000
1781901936707,8000000,Executor0,8000000
1781901937707,8000000,Executor0,8000000
1781901938707,8000000,Executor0,8000000
1781901939707,8000000,Executor0,8000000
1781901940707,8000000,Executor0,8000000
1781901941707,8000000,Executor0,8000000
1781901942707,8000000,Executor0,8000000
1781901943707,8000000,Executor0,8000000
1781901944707,8000000,Executor0,8000000
1781901945707,8000000,Executor0,8000000
1781901946707,8000000,Executor0,8000000
1781901947707,8000000,Executor0,8000000
1781901948707,8000000,Executor0,8000000
1781901949707,8000000,Executor0,8000000
1781901950707,8000000,Executor0,8000000
1781901951707,8000000,Executor0,8000000
1781901952707,8000000,Executor0,8000000
1781901953707,8000000,Executor0,8000000
1781901954707,8000000,Executor0,8000000
1781901955707,8000000,Executor0,8000000
1781901956707,8000000,Executor0,8000000
1781901957707,8000000,Executor0,8000000
1781901958707,8000000,Executor0,8000000
1781901959707,8000000,Executor0,8000000
1781901960707,8000000,Executor0,8000000
1781901961707,8000000,Executor0,8000000
1781901962707,8000000,Executor0,8000000
1781901963707,8000000,Executor0,8000000
1781901964707,8000000,Executor0,8000000
1781901965707,8000000,Executor0,8000000
1781901966707,8000000,Executor0,8000000
1781901967707,8000000,Executor0,8000000
1781901968707,8000000,Executor0,8000000
1781901969707,8000000,Executor0,8000000
1781901970707,8000000,Executor0,8000000
1781901971707,8000000,Executor0,8000000
1781901972707,8000000,Executor0,8000000
1781901973707,8000000,Executor0,8000000
1781901974707,8000000,Executor0,8000000
1781901975707,8000000,Executor0,8000000
1781901976707,8000000,Executor0,8000000
1781901977707,8000000,Executor0,8000000
1781901978707,8000000,Executor0,8000000
1781901979707,8000000,Executor0,8000000
1781901980707,8000000,Executor0,8000000
1781901981707,8000000,Executor0,8000000
1781901982707,8000000,Executor0,8000000
1781901983707,8000000,Executor0,8000000
1781901984707,8000000,Executor0,8000000
1781901985707,8000000,Executor0,8000000
1781901986707,8000000,Executor0,8000000
1781901987707,8000000,Executor0,8000000
1781901988707,8000000,Executor0,8000000
1781901989707,8000000,Executor0,8000000
1781901990707,8000000,Executor0,8000000
1781901991707,8000000,Executor0,8000000
1781901992707,8000000,Executor0,8000000
1781901993707,8000000,Executor0,8000000
1781901994707,8000000,Executor0,8000000
1781901995707,8000000,Executor0,8000000
1781901996707,8000000,Executor0,8000000
1781901997707,8000000,Executor0,8000000
1781901998707,8000000,Executor0,8000000
1781901999707,8000000,Executor0,8000000
1781902000707,8000000,Executor0,8000000
1781902001707,8000000,Executor0,8000000
1781902002707,8000000,Executor0,8000000
1781902003707,8000000,Executor0,8000000
1781902004707,8000000,Executor0,8000000
1781902005707,8000000,Executor0,8000000
1781902006707,8000000,Executor0,8000000
1781902007707,8000000,Executor0,8000000
1781902008707,8000000,Executor0,8000000
1781902009707,8000000,Executor0,8000000
1781902010707,8000000,Executor0,8000000
1781902011707,8000000,Executor0,8000000
1781902012707,8000000,Executor0,8000000
1781902013707,8000000,Executor0,8000000
1781902014707,8000000,Executor0,8000000
1781902015707,8000000,Executor0,8000000
1781902016707,8000000,Executor0,8000000
1781902017707,8000000,Executor0,8000000
1781902018707,8000000,Executor0,8000000
1781902019707,8000000,Executor0,8000000
1781902020707,8000000,Executor0,8000000
1781902021707,8000000,Executor0,8000000
1781902022707,8000000,Executor0,8000000
1781902023707,8000000,Executor0,8000000
1781902024707,8000000,Executor0,8000000
1781902025707,8000000,Executor0,8000000
1781902026707,8000000,Executor0,8000000
1781902027707,8000000,Executor0,8000000
1781902028707,8000000,Executor0,8000000
1781902029707,8000000,Executor0,8000000
1781902030707,8000000,Executor0,8000000
1781902031707,8000000,Executor0,8000000
1781902032707,8000000,Executor0,8000000
1781902033707,8000000,Executor0,8000000
1781902034707,8000000,Executor0,8000000
1781902035707,8000000,Executor0,8000000
1781902036707,8000000,Executor0,8000000
1781902037707,8000000,Executor0,8000000
1781902038707,8000000,Executor0,8000000
1781902039707,8000000,Executor0,8000000
1781902040707,8000000,Executor0,8000000
1781902041707,8000000,Executor0,8000000
1781902042707,8000000,Executor0,8000000
1781902043707,8000000,Executor0,8000000
1781902044707,8000000,Executor0,8000000
1781902045707,8000000,Executor0,8000000
1781902046707,8000000,Executor0,8000000
1781902047707,8000000,Executor0,8000000
1781902048707,8000000,Executor0,8000000
1781902049707,8000000,Executor0,8000000
1781902050707,8000000,Executor0,8000000
1781902051707,8000000,Executor0,8000000
1781902052707,8000000,Executor0,8000000
1781902053707,8000000,Executor0,8000000
1781902054707,8000000,Executor0,8000000
1781902055707,8000000,Executor0,8000000
1781902056707,8000000,Executor0,8000000
1781902057707,8000000,Executor0,8000000
1781902058707,8000000,Executor0,8000000
1781902059707,8000000,Executor0,8000000
1781902060707,8000000,Executor0,8000000
1781902061707,8000000,Executor0,8000000
1781902062707,8000000,Executor0,8000000
1781902063707,8000000,Executor0,8000000
1781902064707,8000000,Executor0,8000000
1781902065707,8000000,Executor0,8000000
1781902066707,8000000,Executor0,8000000
1781902067707,8000000,Executor0,8000000
1781902068707,8000000,Executor0,8000000
1781902069707,8000000,Executor0,8000000
1781902070707,8000000,Executor0,8000000
1781902071707,8000000,Executor0,8000000
1781902072707,8000000,Executor0,8000000
1781902073707,8000000,Executor0,8000000
1781902074707,8000000,Executor0,8000000
1781902075707,8000000,Executor0,8000000
1781902076707,8000000,Executor0,8000000
1781902077707,8000000,Executor0,8000000
1781902078707,8000000,Executor0,8000000
1781902079707,8000000,Executor0,8000000
1781902080707,8000000,Executor0,8000000
1781902081707,8000000,Executor0,8000000
1781902082707,8000000,Executor0,8000000
1781902083707,8000000,Executor0,8000000
1781902084707,8000000,Executor0,8000000
1781902085707,8000000,Executor0,8000000
1781902086707,8000000,Executor0,8000000
1781902087707,8000000,Executor0,8000000
1781902088707,8000000,Executor0,8000000
1781902089707,8000000,Executor0,8000000
1781902090707,8000000,Executor0,8000000
1781902091707,8000000,Executor0,8000000
1781902092707,8000000,Executor0,8000000
1781902093707,8000000,Executor0,8000000
1781902094707,8000000,Executor0,8000000
1781902095707,8000000,Executor0,8000000
1781902096707,8000000,Executor0,8000000
1781902097707,8000000,Executor0,8000000
1781902098707,8000000,Executor0,8000000
1781902099707,8000000,Executor0,8000000
1781902100707,8000000,Executor0,8000000
1781902101707,8000000,Executor0,8000000
1781902102707,8000000,Executor0,8000000
1781902103707,8000000,Executor0,8000000
1781902104707,8000000,Executor0,8000000
1781902105707,8000000,Executor0,8000000
1781902106707,8000000,Executor0,8000000
1781902107707,8000000,Executor0,8000000
1781902108707,8000000,Executor0,8000000
1781902109707,8000000,Executor0,8000000
1781902110707,8000000,Executor0,8000000
1781902111707,8000000,Executor0,8000000
1781902112707,8000000,Executor0,8000000
1781902113707,8000000,Executor0,8000000
1781902114707,8000000,Executor0,8000000
1781902115707,8000000,Executor0,8000000
1781902116707,8000000,Executor0,8000000
1781902117707,8000000,Executor0,8000000
1781902118707,8000000,Executor0,8000000
1781902119707,8000000,Executor0,8000000
1781902120707,8000000,Executor0,8000000
1781902121707,8000000,Executor0,8000000
1781902122707,8000000,Executor0,8000000
1781902123707,8000000,Executor0,8000000
1781902124707,8000000,Executor0,8000000
1781902125707,8000000,Executor0,8000000
1781902126707,8000000,Executor0,8000000
1781902127707,8000000,Executor0,8000000
1781902128707,8000000,Executor0,8000000
1781902129707,8000000,Executor0,8000000
1781902130707,8000000,Executor0,8000000
1781902131707,8000000,Executor0,8000000
1781902132707,8000000,Executor0,8000000
1781902133707,8000000,Executor0,8000000
1781902134707,8000000,Executor0,8000000
1781902135707,8000000,Executor0,8000000
1781902136707,8000000,Executor0,8000000
1781902137707,8000000,Executor0,8000000
1781902138707,8000000,Executor0,8000000
1781902139707,8000000,Executor0,8000000
1781902140707,8000000,Executor0,8000000
1781902141707,8000000,Executor0,8000000
1781902142707,8000000,Executor0,8000000
1781902143707,8000000,Executor0,8000000
1781902144707,8000000,Executor0,8000000
1781902145707,8000000,Executor0,8000000
1781902146707,8000000,Executor0,8000000
1781902147707,8000000,Executor0,8000000
1781902148707,8000000,Executor0,8000000
1781902149707,8000000,Executor0,8000000
1781902150707,8000000,Executor0,8000000
1781902151707,8000000,Executor0,8000000
1781902152707,8000000,Executor0,8000000
1781902153707,8000000,Executor0,8000000
1781902154707,8000000,Executor0,8000000
1781902155707,8000000,Executor0,8000000
1781902156707,8000000,Executor0,8000000
1781902157707,8000000,Executor0,8000000
1781902158707,8000000,Executor0,8000000
1781902159707,8000000,Executor0,8000000
1781902160707,8000000,Executor0,8000000
1781902161707,8000000,Executor0,8000000
1781902162707,8000000,Executor0,8000000
1781902163707,8000000,Executor0,8000000
1781902164707,8000000,Executor0,8000000
1781902165707,8000000,Executor0,8000000
1781902166707,8000000,Executor0,8000000
1781902167707,8000000,Executor0,8000000
1781902168707,8000000,Executor0,8000000
1781902169707,8000000,Executor0,8000000
1781902170707,8000000,Executor0,8000000
1781902171707,8000000,Executor0,8000000
1781902172707,8000000,Executor0,8000000
1781902173707,8000000,Executor0,8000000
1781902174707,8000000,Executor0,8000000
1781902175707,8000000,Executor0,8000000
1781902176707,8000000,Executor0,8000000
1781902177707,8000000,Executor0,8000000
1781902178707,8000000,Executor0,8000000
1781902179707,8000000,Executor0,8000000
1781902180707,8000000,Executor0,8000000
1781902181707,8000000,Executor0,8000000
1781902182707,8000000,Executor0,8000000
1781902183707,8000000,Executor0,8000000
1781902184707,8000000,Executor0,8000000
1781902185707,8000000,Executor0,8000000
1781902186707,8000000,Executor0,8000000
1781902187707,8000000,Executor0,8000000
1781902188707,8000000,Executor0,8000000
1781902189707,8000000,Executor0,8000000
1781902190707,8000000,Executor0,8000000
1781902191707,8000000,Executor0,8000000
1781902192707,8000000,Executor0,8000000
1781902193707,8000000,Executor0,8000000
1781902194707,8000000,Executor0,8000000
1781902195707,8000000,Executor0,8000000
1781902196707,8000000,Executor0,8000000
1781902197707,8000000,Executor0,8000000
1781902198707,8000000,Executor0,8000000
1781902199707,8000000,Executor0,8000000
1781902200707,8000000,Executor0,8000000
1781902201707,8000000,Executor0,8000000
1781902202707,8000000,Executor0,8000000
1781902203707,8000000,Executor0,8000000
1781902204707,8000000,Executor0,8000000
1781902205707,8000000,Executor0,8000000
1781902206707,8000000,Executor0,8000000
1781902207707,8000000,Executor0,8000000
1781902208707,8000000,Executor0,8000000
1781902209707,8000000,Executor0,8000000
1781902210707,8000000,Executor0,8000000
1781902211707,8000000,Executor0,8000000
1781902212707,8000000,Executor0,8000000
1781902213707,8000000,Executor0,8000000
1781902214707,8000000,Executor0,8000000
1781902215707,8000000,Executor0,8000000
1781902216707,8000000,Executor0,8000000
1781902217707,8000000,Executor0,8000000
1781902218707,8000000,Executor0,8000000
1781902219707,8000000,Executor0,8000000
1781902220707,8000000,Executor0,8000000
1781902221707,8000000,Executor0,8000000
1781902222707,8000000,Executor0,8000000
1781902223707,8000000,Executor0,8000000
1781902224707,8000000,Executor0,8000000
1781902225707,8000000,Executor0,8000000
1781902226707,8000000,Executor0,8000000
1781902227707,8000000,Executor0,8000000
1781902228707,8000000,Executor0,8000000
1781902229707,8000000,Executor0,8000000
1781902230707,8000000,Executor0,8000000
1781902231707,8000000,Executor0,8000000
1781902232707,8000000,Executor0,8000000
1781902233707,8000000,Executor0,8000000
1781902234707,8000000,Executor0,8000000
1781902235707,8000000,Executor0,8000000
1781902236707,8000000,Executor0,8000000
1781902237707,8000000,Executor0,8000000
1781902238707,8000000,Executor0,8000000
1781902239707,8000000,Executor0,8000000
1781902240707,8000000,Executor0,8000000
1781902241707,8000000,Executor0,8000000
1781902242707,8000000,Executor0,8000000
1781902243707,8000000,Executor0,8000000
1781902244707,8000000,Executor0,8000000
1781902245707,8000000,Executor0,8000000
1781902246707,8000000,Executor0,8000000
1781902247707,8000000,Executor0,8000000
1781902248707,8000000,Executor0,8000000
1781902249707,8000000,Executor0,8000000
1781902250707,8000000,Executor0,8000000
1781902251707,8000000,Executor0,8000000
1781902252707,8000000,Executor0,8000000
1781902253707,8000000,Executor0,8000000
1781902254707,8000000,Executor0,8000000
1781902255707,8000000,Executor0,8000000
1781902256707,8000000,Executor0,8000000
1781902257707,8000000,Executor0,8000000
1781902258707,8000000,Executor0,8000000
1781902259707,8000000,Executor0,8000000
1781902260707,8000000,Executor0,8000000
1781902261707,8000000,Executor0,8000000
1781902262707,8000000,Executor0,8000000
1781902263707,8000000,Executor0,8000000
1781902264707,8000000,Executor0,8000000
1781902265707,8000000,Executor0,8000000
1781902266707,8000000,Executor0,8000000
1781902267707,8000000,Executor0,8000000
1781902268707,8000000,Executor0,8000000
1781902269707,8000000,Executor0,8000000
1781902270707,8000000,Executor0,8000000
1781902271707,8000000,Executor0,8000000
1781902272707,8000000,Executor0,8000000
1781902273707,8000000,Executor0,8000000
1781902274707,8000000,Executor0,8000000
1781902275707,8000000,Executor0,8000000
1781902276707,8000000,Executor0,8000000
1781902277707,8000000,Executor0,8000000
1781902278707,8000000,Executor0,8000000
1781902279707,8000000,Executor0,8000000
1781902280707,8000000,Executor0,8000000
1781902281707,8000000,Executor0,8000000
1781902282707,8000000,Executor0,8000000
1781902283707,8000000,Executor0,8000000
1781902284707,8000000,Executor0,8000000
1781902285707,8000000,Executor0,8000000
1781902286707,8000000,Executor0,8000000
1781902287707,8000000,Executor0,8000000
1781902288707,8000000,Executor0,8000000
1781902289707,8000000,Executor0,8000000
1781902290707,8000000,Executor0,8000000
1781902291707,8000000,Executor0,8000000
1781902292707,8000000,Executor0,8000000
1781902293707,8000000,Executor0,8000000
1781902294707,8000000,Executor0,8000000
1781902295707,8000000,Executor0,8000000
1781902296707,8000000,Executor0,8000000
1781902297707,8000000,Executor0,8000000
1781902298707,8000000,Executor0,8000000
1781902299707,8000000,Executor0,8000000
1781902300707,8000000,Executor0,8000000
1781902301707,8000000,Executor0,8000000
1781902302707,8000000,Executor0,8000000
1781902303707,8000000,Executor0,8000000
1781902304707,8000000,Executor0,8000000
1781902305707,8000000,Executor0,8000000
1781902306707,8000000,Executor0,8000000
1781902307707,8000000,Executor0,8000000
1781902308707,8000000,Executor0,8000000
1781902309707,8000000,Executor0,8000000
1781902310707,8000000,Executor0,8000000
1781902311707,8000000,Executor0,8000000
1781902312707,8000000,Executor0,8000000
1781902313707,8000000,Executor0,8000000
1781902314707,8000000,Executor0,8000000
1781902315707,8000000,Executor0,8000000
1781902316707,8000000,Executor0,8000000
1781902317707,8000000,Executor0,8000000
1781902318707,8000000,Executor0,8000000
1781902319707,8000000,Executor0,8000000
1781902320707,8000000,Executor0,8000000
1781902321707,8000000,Executor0,8000000
1781902322707,8000000,Executor0,8000000
1781902323707,8000000,Executor0,8000000
1781902324707,8000000,Executor0,8000000
1781902325707,8000000,Executor0,8000000
1781902326707,8000000,Executor0,8000000
1781902327707,8000000,Executor0,8000000
1781902328707,8000000,Executor0,8000000
1781902329707,8000000,Executor0,8000000
1781902330707,8000000,Executor0,8000000
1781902331707,8000000,Executor0,8000000
1781902332707,8000000,Executor0,8000000
1781902333707,8000000,Executor0,8000000
1781902334707,8000000,Executor0,8000000
1781902335707,8000000,Executor0,8000000
1781902336707,8000000,Executor0,8000000
1781902337707,8000000,Executor0,8000000
1781902338707,8000000,Executor0,8000000
1781902339707,8000000,Executor0,8000000
1781902340707,8000000,Executor0,8000000
1781902341707,8000000,Executor0,8000000
1781902342707,8000000,Executor0,8000000
1781902343707,8000000,Executor0,8000000
1781902344707,8000000,Executor0,8000000
1781902345707,8000000,Executor0,8000000
1781902346707,8000000,Executor0,8000000
1781902347707,8000000,Executor0,8000000
1781902348707,8000000,Executor0,8000000
1781902349707,8000000,Executor0,8000000
1781902350707,8000000,Executor0,8000000
1781902351707,8000000,Executor0,8000000
1781902352707,8000000,Executor0,8000000
1781902353707,8000000,Executor0,8000000
1781902354707,8000000,Executor0,8000000
1781902355707,8000000,Executor0,8000000
1781902356707,8000000,Executor0,8000000
1781902357707,8000000,Executor0,8000000
1781902358707,8000000,Executor0,8000000
1781902359707,8000000,Executor0,8000000
1781902360707,8000000,Executor0,8000000
1781902361707,8000000,Executor0,8000000
1781902362707,8000000,Executor0,8000000
1781902363707,8000000,Executor0,8000000
1781902364707,8000000,Executor0,8000000
1781902365707,8000000,Executor0,8000000
1781902366707,8000000,Executor0,8000000
1781902367707,8000000,Executor0,8000000
1781902368707,8000000,Executor0,8000000
1781902369707,8000000,Executor0,8000000
1781902370707,8000000,Executor0,8000000
1781902371707,8000000,Executor0,8000000
1781902372707,8000000,Executor0,8000000
1781902373707,8000000,Executor0,8000000
1781902374707,8000000,Executor0,8000000
1781902375707,8000000,Executor0,8000000
1781902376707,8000000,Executor0,8000000
1781902377707,8000000,Executor0,8000000
1781902378707,8000000,Executor0,8000000
1781902379707,8000000,Executor0,8000000
1781902380707,8000000,Executor0,8000000
1781902381707,8000000,Executor0,8000000
1781902382707,8000000,Executor0,8000000
1781902383707,8000000,Executor0,8000000
1781902384707,8000000,Executor0,8000000
1781902385707,8000000,Executor0,8000000
1781902386707,8000000,Executor0,8000000
1781902387707,8000000,Executor0,8000000
1781902388707,8000000,Executor0,8000000
1781902389707,8000000,Executor0,8000000
1781902390707,8000000,Executor0,8000000
1781902391707,8000000,Executor0,8000000
1781902392707,8000000,Executor0,8000000
1781902393707,8000000,Executor0,8000000
1781902394707,8000000,Executor0,8000000
1781902395707,8000000,Executor0,8000000
1781902396707,8000000,Executor0,8000000
1781902397707,8000000,Executor0,8000000
1781902398707,8000000,Executor0,8000000
1781902399707,8000000,Executor0,8000000
1781902400707,8000000,Executor0,8000000
1781902401707,8000000,Executor0,8000000
1781902402707,8000000,Executor0,8000000
1781902403707,8000000,Executor0,8000000
1781902404707,8000000,Executor0,8000000
1781902405707,8000000,Executor0,8000000
1781902406707,8000000,Executor0,8000000
1781902407707,8000000,Executor0,8000000
1781902408707,8000000,Executor0,8000000
1781902409707,8000000,Executor0,8000000
1781902410707,8000000,Executor0,8000000
1781902411707,8000000,Executor0,8000000
1781902412707,8000000,Executor0,8000000
1781902413707,8000000,Executor0,8000000
1781902414707,8000000,Executor0,8000000
1781902415707,8000000,Executor0,8000000
1781902416707,8000000,Executor0,8000000
1781902417707,8000000,Executor0,8000000
1781902418707,8000000,Executor0,8000000
1781902419707,8000000,Executor0,8000000
1781902420707,8000000,Executor0,8000000
1781902421707,8000000,Executor0,8000000
1781902422707,8000000,Executor0,8000000
1781902423707,8000000,Executor0,8000000
1781902424707,8000000,Executor0,8000000
1781902425707,8000000,Executor0,8000000
1781902426707,8000000,Executor0,8000000
1781902427707,8000000,Executor0,8000000
1781902428707,8000000,Executor0,8000000
1781902429707,8000000,Executor0,8000000
1781902430707,8000000,Executor0,8000000
1781902431707,8000000,Executor0,8000000
1781902432707,8000000,Executor0,8000000
1781902433707,8000000,Executor0,8000000
1781902434707,8000000,Executor0,8000000
1781902435707,8000000,Executor0,8000000
1781902436707,8000000,Executor0,8000000
1781902437707,8000000,Executor0,8000000
1781902438707,8000000,Executor0,8000000
1781902439707,8000000,Executor0,8000000
1781902440707,8000000,Executor0,8000000
1781902441707,8000000,Executor0,8000000
1781902442707,8000000,Executor0,8000000
1781902443707,8000000,Executor0,8000000
1781902444707,8000000,Executor0,8000000
1781902445707,8000000,Executor0,8000000
1781902446707,8000000,Executor0,8000000
1781902447707,8000000,Executor0,8000000
1781902448707,8000000,Executor0,8000000
1781902449707,8000000,Executor0,8000000
1781902450707,8000000,Executor0,8000000
1781902451707,8000000,Executor0,8000000
1781902452707,8000000,Executor0,8000000
1781902453707,8000000,Executor0,8000000
1781902454707,8000000,Executor0,8000000
1781902455707,8000000,Executor0,8000000
1781902456707,8000000,Executor0,8000000
1781902457707,8000000,Executor0,8000000
1781902458707,8000000,Executor0,8000000
1781902459707,8000000,Executor0,8000000
1781902460707,8000000,Executor0,8000000
1781902461707,8000000,Executor0,8000000
1781902462707,8000000,Executor0,8000000
1781902463707,8000000,Executor0,8000000
1781902464707,8000000,Executor0,8000000
1781902465707,8000000,Executor0,8000000
1781902466707,8000000,Executor0,8000000
1781902467707,8000000,Executor0,8000000
1781902468707,8000000,Executor0,8000000
1781902469707,8000000,Executor0,8000000
1781902470707,8000000,Executor0,8000000
1781902471707,8000000,Executor0,8000000
1781902472707,8000000,Executor0,8000000
1781902473707,8000000,Executor0,8000000
1781902474707,8000000,Executor0,8000000
1781902475707,8000000,Executor0,8000000
1781902476707,8000000,Executor0,8000000
1781902477707,8000000,Executor0,8000000
1781902478707,8000000,Executor0,8000000
1781902479707,8000000,Executor0,8000000
1781902480707,8000000,Executor0,8000000
1781902481707,8000000,Executor0,8000000
1781902482707,8000000,Executor0,8000000
1781902483707,8000000,Executor0,8000000
1781902484707,8000000,Executor0,8000000
1781902485707,8000000,Executor0,8000000
1781902486707,8000000,Executor0,8000000
1781902487707,8000000,Executor0,8000000
1781902488707,8000000,Executor0,8000000
1781902489707,8000000,Executor0,8000000
1781902490707,8000000,Executor0,8000000
1781902491707,8000000,Executor0,8000000
1781902492707,8000000,Executor0,8000000
1781902493707,8000000,Executor0,8000000
1781902494707,8000000,Executor0,8000000
1781902495707,8000000,Executor0,8000000
1781902496707,8000000,Executor0,8000000
1781902497707,8000000,Executor0,8000000
1781902498707,8000000,Executor0,8000000
1781902499707,8000000,Executor0,8000000
1781902500707,8000000,Executor0,8000000
1781902501707,8000000,Executor0,8000000
1781902502707,8000000,Executor0,8000000
1781902503707,8000000,Executor0,8000000
1781902504707,8000000,Executor0,8000000
1781902505707,8000000,Executor0,8000000
1781902506707,8000000,Executor0,8000000
1781902507707,8000000,Executor0,8000000
1781902508707,8000000,Executor0,8000000
1781902509707,8000000,Executor0,8000000
1781902510707,8000000,Executor0,8000000
1781902511707,8000000,Executor0,8000000
1781902512707,8000000,Executor0,8000000
1781902513707,8000000,Executor0,8000000
1781902514707,8000000,Executor0,8000000
1781902515707,8000000,Executor0,8000000
1781902516707,8000000,Executor0,8000000
1781902517707,8000000,Executor0,8000000
1781902518707,8000000,Executor0,8000000
1781902519707,8000000,Executor0,8000000
1781902520707,8000000,Executor0,8000000
1781902521707,8000000,Executor0,8000000
1781902522707,8000000,Executor0,8000000
1781902523707,8000000,Executor0,8000000
1781902524707,8000000,Executor0,8000000
1781902525707,8000000,Executor0,8000000
1781902526707,8000000,Executor0,8000000
1781902527707,8000000,Executor0,8000000
1781902528707,8000000,Executor0,8000000
1781902529707,8000000,Executor0,8000000
1781902530707,8000000,Executor0,8000000
1781902531707,8000000,Executor0,8000000
1781902532707,8000000,Executor0,8000000
1781902533707,8000000,Executor0,8000000
1781902534707,8000000,Executor0,8000000
1781902535707,8000000,Executor0,8000000
1781902536707,8000000,Executor0,8000000
1781902537707,8000000,Executor0,8000000
1781902538707,8000000,Executor0,8000000
1781902539707,8000000,Executor0,8000000
1781902540707,8000000,Executor0,8000000
1781902541707,8000000,Executor0,8000000
1781902542707,8000000,Executor0,8000000
1781902543707,8000000,Executor0,8000000
1781902544707,8000000,Executor0,8000000
1781902545707,8000000,Executor0,8000000
1781902546707,8000000,Executor0,8000000
1781902547707,8000000,Executor0,8000000
1781902548707,8000000,Executor0,8000000
1781902549707,8000000,Executor0,8000000
1781902550707,8000000,Executor0,8000000
1781902551707,8000000,Executor0,8000000
1781902552707,8000000,Executor0,8000000
1781902553707,8000000,Executor0,8000000
1781902554707,8000000,Executor0,8000000
1781902555707,8000000,Executor0,8000000
1781902556707,8000000,Executor0,8000000
1781902557707,8000000,Executor0,8000000
1781902558707,8000000,Executor0,8000000
1781902559707,8000000,Executor0,8000000
1781902560707,8000000,Executor0,8000000
1781902561707,8000000,Executor0,8000000
1781902562707,8000000,Executor0,8000000
1781902563707,8000000,Executor0,8000000
1781902564707,8000000,Executor0,8000000
1781902565707,8000000,Executor0,8000000
1781902566707,8000000,Executor0,8000000
1781902567707,8000000,Executor0,8000000
1781902568707,8000000,Executor0,8000000
1781902569707,8000000,Executor0,8000000
1781902570707,8000000,Executor0,8000000
1781902571707,8000000,Executor0,8000000
1781902572707,8000000,Executor0,8000000
1781902573707,8000000,Executor0,8000000
1781902574707,8000000,Executor0,8000000
1781902575707,8000000,Executor0,8000000
1781902576707,8000000,Executor0,8000000
1781902577707,8000000,Executor0,8000000
1781902578707,8000000,Executor0,8000000
1781902579707,8000000,Executor0,8000000
1781902580707,8000000,Executor0,8000000
1781902581707,8000000,Executor0,8000000
1781902582707,8000000,Executor0,8000000
1781902583707,8000000,Executor0,8000000
1781902584707,8000000,Executor0,8000000
1781902585707,8000000,Executor0,8000000
1781902586707,8000000,Executor0,8000000
1781902587707,8000000,Executor0,8000000
1781902588707,8000000,Executor0,8000000
1781902589707,8000000,Executor0,8000000
1781902590707,8000000,Executor0,8000000
1781902591707,8000000,Executor0,8000000
1781902592707,8000000,Executor0,8000000
1781902593707,8000000,Executor0,8000000
1781902594707,8000000,Executor0,8000000
1781902595707,8000000,Executor0,8000000
1781902596707,8000000,Executor0,8000000
1781902597707,8000000,Executor0,8000000
1781902598707,8000000,Executor0,8000000
1781902599707,8000000,Executor0,8000000
1781902600707,8000000,Executor0,8000000
1781902601707,8000000,Executor0,8000000
1781902602707,8000000,Executor0,8000000
1781902603707,8000000,Executor0,8000000
1781902604707,8000000,Executor0,8000000
1781902605707,8000000,Executor0,8000000
1781902606707,8000000,Executor0,8000000
1781902607707,8000000,Executor0,8000000
1781902608707,8000000,Executor0,8000000
1781902609707,8000000,Executor0,8000000
1781902610707,8000000,Executor0,8000000
1781902611707,8000000,Executor0,8000000
1781902612707,8000000,Executor0,8000000
1781902613707,8000000,Executor0,8000000
1781902614707,8000000,Executor0,8000000
1781902615707,8000000,Executor0,8000000
1781902616707,8000000,Executor0,8000000
1781902617707,8000000,Executor0,8000000
1781902618707,8000000,Executor0,8000000
1781902619707,8000000,Executor0,8000000
1781902620707,8000000,Executor0,8000000
1781902621707,8000000,Executor0,8000000
1781902622707,8000000,Executor0,8000000
1781902623707,8000000,Executor0,8000000
1781902624707,8000000,Executor0,8000000
1781902625707,8000000,Executor0,8000000
1781902626707,8000000,Executor0,8000000
1781902627707,8000000,Executor0,8000000
1781902628707,8000000,Executor0,8000000
1781902629707,8000000,Executor0,8000000
1781902630707,8000000,Executor0,8000000
1781902631707,8000000,Executor0,8000000
1781902632707,8000000,Executor0,8000000
1781902633707,8000000,Executor0,8000000
1781902634707,8000000,Executor0,8000000
1781902635707,8000000,Executor0,8000000
1781902636707,8000000,Executor0,8000000
1781902637707,8000000,Executor0,8000000
1781902638707,8000000,Executor0,8000000
1781902639707,8000000,Executor0,8000000
1781902640707,8000000,Executor0,8000000
1781902641707,8000000,Executor0,8000000
1781902642707,8000000,Executor0,8000000
1781902643707,8000000,Executor0,8000000
1781902644707,8000000,Executor0,8000000
1781902645707,8000000,Executor0,8000000
1781902646707,8000000,Executor0,8000000
1781902647707,8000000,Executor0,8000000
1781902648707,8000000,Executor0,8000000
1781902649707,8000000,Executor0,8000000
1781902650707,8000000,Executor0,8000000
1781902651707,8000000,Executor0,8000000
1781902652707,8000000,Executor0,8000000
1781902653707,8000000,Executor0,8000000
1781902654707,8000000,Executor0,8000000
1781902655707,8000000,Executor0,8000000
1781902656707,8000000,Executor0,8000000
1781902657707,8000000,Executor0,8000000
1781902658707,8000000,Executor0,8000000
1781902659707,8000000,Executor0,8000000
1781902660707,8000000,Executor0,8000000
1781902661707,8000000,Executor0,8000000
1781902662707,8000000,Executor0,8000000
1781902663707,8000000,Executor0,8000000
1781902664707,8000000,Executor0,8000000
1781902665707,8000000,Executor0,8000000
1781902666707,8000000,Executor0,8000000
1781902667707,8000000,Executor0,8000000
1781902668707,8000000,Executor0,8000000
1781902669707,8000000,Executor0,8000000
1781902670707,8000000,Executor0,8000000
1781902671707,8000000,Executor0,8000000
1781902672707,8000000,Executor0,8000000
1781902673707,8000000,Executor0,8000000
1781902674707,8000000,Executor0,8000000
1781902675707,8000000,Executor0,8000000
1781902676707,8000000,Executor0,8000000
1781902677707,8000000,Executor0,8000000
1781902678707,8000000,Executor0,8000000
1781902679707,8000000,Executor0,8000000
1781902680707,8000000,Executor0,8000000
1781902681707,8000000,Executor0,8000000
1781902682707,8000000,Executor0,8000000
1781902683707,8000000,Executor0,8000000
1781902684707,8000000,Executor0,8000000
1781902685707,8000000,Executor0,8000000
1781902686707,8000000,Executor0,8000000
1781902687707,8000000,Executor0,8000000
1781902688707,8000000,Executor0,8000000
1781902689707,8000000,Executor0,8000000
1781902690707,8000000,Executor0,8000000
1781902691707,8000000,Executor0,8000000
1781902692707,8000000,Executor0,8000000
1781902693707,8000000,Executor0,8000000
1781902694707,8000000,Executor0,8000000
1781902695707,8000000,Executor0,8000000
1781902696707,8000000,Executor0,8000000
