1781913490796,78000000,Executor0,78000000
1781913490885,8215025,Executor0,8215025
1781913491796,78000000,Executor0,78000000
1781913491885,8215025,Executor0,8215025
1781913492796,78000000,Executor0,78000000
1781913492885,8215025,Executor0,8215025
1781913493796,78000000,Executor0,78000000
1781913493885,8215025,Executor0,8215025
1781913494796,78000000,Executor0,78000000
1781913494885,8215025,Executor0,8215025
1781913495796,78000000,Executor0,78000000
1781913496187,8215025,Executor0,8215025
1781913496796,78000000,Executor0,78000000
1781913496885,8215025,Executor0,8215025
1781913497796,78000000,Executor0,78000000
1781913497885,8215025,Executor0,8215025
1781913498796,78000000,Executor0,78000000
1781913498885,8215025,Executor0,8215025
1781913499796,78000000,Executor0,78000000
1781913499885,8215025,Executor0,8215025
1781913500796,78000000,Executor0,78000000
1781913500885,8215025,Executor0,8215025
1781913501796,78000000,Executor0,78000000
1781913501935,8215025,Executor0,8215025
1781913502796,78000000,Executor0,78000000
1781913502885,8215025,Executor0,8215025
1781913503796,78000000,Executor0,78000000
1781913503885,8215025,Executor0,8215025
1781913504796,78000000,Executor0,78000000
1781913504885,8215025,Executor0,8215025
1781913505796,78000000,Executor0,78000000
1781913505885,8215025,Executor0,8215025
1781913506796,78000000,Executor0,78000000
1781913506885,8215025,Executor0,8215025
1781913507796,78000000,Executor0,78000000
1781913507885,8215025,Executor0,8215025
1781913508796,78000000,Executor0,78000000
1781913508885,8215025,Executor0,8215025
1781913509796,78000000,Executor0,78000000
1781913509885,8215025,Executor0,8215025
1781913510796,78000000,Executor0,78000000
1781913510885,8215025,Executor0,8215025
1781913511796,78000000,Executor0,78000000
1781913511885,8215025,Executor0,8215025
1781913512796,78000000,Executor0,78000000
1781913512885,8215025,Executor0,8215025
1781913513796,78000000,Executor0,78000000
1781913513885,8215025,Executor0,8215025
1781913514796,78000000,Executor0,78000000
1781913514885,8215025,Executor0,8215025
1781913515071,9561,Executor0,9561
1781913515796,78000000,Executor0,78000000
1781913515885,8215025,Executor0,8215025
1781913516069,320240,Executor0,320240
1781913516796,78000000,Executor0,78000000
1781913516885,8215025,Executor0,8215025
1781913517069,500100,Executor0,500100
1781913517796,78000000,Executor0,78000000
1781913517885,8215025,Executor0,8215025
1781913518069,502372,Executor0,502372
1781913518796,78000000,Executor0,78000000
1781913518885,8215025,Executor0,8215025
1781913519069,507763,Executor0,507763
1781913519796,78000000,Executor0,78000000
1781913519885,8215025,Executor0,8215025
1781913520069,512119,Executor0,512119
1781913520796,78000000,Executor0,78000000
1781913520885,8215025,Executor0,8215025
1781913521069,516959,Executor0,516959
1781913521796,78000000,Executor0,78000000
1781913521885,8215025,Executor0,8215025
1781913522069,521836,Executor0,521836
1781913522796,78000000,Executor0,78000000
1781913522885,8215025,Executor0,8215025
1781913523069,528596,Executor0,528596
1781913523796,78000000,Executor0,78000000
1781913523885,8215025,Executor0,8215025
1781913524069,543750,Executor0,543750
1781913524796,78000000,Executor0,78000000
1781913524885,8215025,Executor0,8215025
1781913525069,609328,Executor0,609328
1781913525796,78000000,Executor0,78000000
1781913525885,8215025,Executor0,8215025
1781913526069,855855,Executor0,855855
1781913526796,78000000,Executor0,78000000
1781913526885,8215025,Executor0,8215025
1781913527069,1000100,Executor0,1000100
1781913527796,78000000,Executor0,78000000
1781913527885,8215025,Executor0,8215025
1781913528069,1044650,Executor0,1044650
1781913528796,78000000,Executor0,78000000
1781913528885,8215025,Executor0,8215025
1781913529069,1081679,Executor0,1081679
1781913529796,78000000,Executor0,78000000
1781913529885,8215025,Executor0,8215025
1781913530069,1123427,Executor0,1123427
1781913530796,78000000,Executor0,78000000
1781913530885,8215025,Executor0,8215025
1781913531069,1174100,Executor0,1174100
1781913531796,78000000,Executor0,78000000
1781913531885,8215025,Executor0,8215025
1781913532069,1222999,Executor0,1222999
1781913532796,78000000,Executor0,78000000
1781913532885,8215025,Executor0,8215025
1781913533069,1272600,Executor0,1272600
1781913533796,78000000,Executor0,78000000
1781913533885,8215025,Executor0,8215025
1781913534069,1323896,Executor0,1323896
1781913534796,78000000,Executor0,78000000
1781913534885,8215025,Executor0,8215025
1781913535069,1374008,Executor0,1374008
1781913535796,78000000,Executor0,78000000
1781913535885,8215025,Executor0,8215025
1781913536069,1424100,Executor0,1424100
1781913536796,78000000,Executor0,78000000
1781913536885,8215025,Executor0,8215025
1781913537069,1473649,Executor0,1473649
1781913537796,78000000,Executor0,78000000
1781913537885,8215025,Executor0,8215025
1781913538069,1523907,Executor0,1523907
1781913538796,78000000,Executor0,78000000
1781913538885,8215025,Executor0,8215025
1781913539069,1573858,Executor0,1573858
1781913539796,78000000,Executor0,78000000
1781913539885,8215025,Executor0,8215025
1781913540069,1624070,Executor0,1624070
1781913540796,78000000,Executor0,78000000
1781913540885,8215025,Executor0,8215025
1781913541069,1672600,Executor0,1672600
1781913541796,78000000,Executor0,78000000
1781913541885,8215025,Executor0,8215025
1781913542069,1722600,Executor0,1722600
1781913542796,78000000,Executor0,78000000
1781913542885,8215025,Executor0,8215025
1781913543069,1772600,Executor0,1772600
1781913543796,78000000,Executor0,78000000
1781913543885,8215025,Executor0,8215025
1781913544069,1822299,Executor0,1822299
1781913544796,78000000,Executor0,78000000
1781913544885,8215025,Executor0,8215025
1781913545069,1873086,Executor0,1873086
1781913545796,78000000,Executor0,78000000
1781913545885,8215025,Executor0,8215025
1781913546069,1924100,Executor0,1924100
1781913546796,78000000,Executor0,78000000
1781913546885,8215025,Executor0,8215025
1781913547069,1974100,Executor0,1974100
1781913547796,78000000,Executor0,78000000
1781913547885,8215025,Executor0,8215025
1781913548069,2023543,Executor0,2023543
1781913548796,78000000,Executor0,78000000
1781913548885,8215025,Executor0,8215025
1781913549069,2074100,Executor0,2074100
1781913549796,78000000,Executor0,78000000
1781913549885,8215025,Executor0,8215025
1781913550069,2123826,Executor0,2123826
1781913550796,78000000,Executor0,78000000
1781913550885,8215025,Executor0,8215025
1781913551069,2172600,Executor0,2172600
1781913551796,78000000,Executor0,78000000
1781913551885,8215025,Executor0,8215025
1781913552069,2224100,Executor0,2224100
1781913552796,78000000,Executor0,78000000
1781913552885,8215025,Executor0,8215025
1781913553069,2272600,Executor0,2272600
1781913553796,78000000,Executor0,78000000
1781913553885,8215025,Executor0,8215025
1781913554069,2324100,Executor0,2324100
1781913554796,78000000,Executor0,78000000
1781913554885,8215025,Executor0,8215025
1781913555069,2372570,Executor0,2372570
1781913555796,78000000,Executor0,78000000
1781913555885,8215025,Executor0,8215025
1781913556069,2423653,Executor0,2423653
1781913556796,78000000,Executor0,78000000
1781913556885,8215025,Executor0,8215025
1781913557069,2474100,Executor0,2474100
1781913557796,78000000,Executor0,78000000
1781913557885,8215025,Executor0,8215025
1781913558069,2523959,Executor0,2523959
1781913558796,78000000,Executor0,78000000
1781913558885,8215025,Executor0,8215025
1781913559069,2573246,Executor0,2573246
1781913559796,78000000,Executor0,78000000
1781913559885,8215025,Executor0,8215025
1781913560069,2622415,Executor0,2622415
1781913560796,78000000,Executor0,78000000
1781913560885,8215025,Executor0,8215025
1781913561069,2673996,Executor0,2673996
1781913561796,78000000,Executor0,78000000
1781913561885,8215025,Executor0,8215025
1781913562069,2722600,Executor0,2722600
1781913562796,78000000,Executor0,78000000
1781913562885,8215025,Executor0,8215025
1781913563069,2772600,Executor0,2772600
1781913563796,78000000,Executor0,78000000
1781913563885,8215025,Executor0,8215025
1781913564070,2824100,Executor0,2824100
1781913564796,78000000,Executor0,78000000
1781913564885,8215025,Executor0,8215025
1781913565069,2873497,Executor0,2873497
1781913565796,78000000,Executor0,78000000
1781913565885,8215025,Executor0,8215025
1781913566069,2924100,Executor0,2924100
1781913566796,78000000,Executor0,78000000
1781913566885,8215025,Executor0,8215025
1781913567069,2971100,Executor0,2971100
1781913567796,78000000,Executor0,78000000
1781913567885,8215025,Executor0,8215025
1781913568069,3024100,Executor0,3024100
1781913568796,78000000,Executor0,78000000
1781913568885,8215025,Executor0,8215025
1781913569069,3073204,Executor0,3073204
1781913569796,78000000,Executor0,78000000
1781913569885,8215025,Executor0,8215025
1781913570069,3123952,Executor0,3123952
1781913570796,78000000,Executor0,78000000
1781913570885,8215025,Executor0,8215025
1781913571069,3174100,Executor0,3174100
1781913571796,78000000,Executor0,78000000
1781913571885,8215025,Executor0,8215025
1781913572069,3222442,Executor0,3222442
1781913572796,78000000,Executor0,78000000
1781913572885,8215025,Executor0,8215025
1781913573069,3274100,Executor0,3274100
1781913573796,78000000,Executor0,78000000
1781913573885,8215025,Executor0,8215025
1781913574069,3320724,Executor0,3320724
1781913574796,78000000,Executor0,78000000
1781913574885,8215025,Executor0,8215025
1781913575070,3373892,Executor0,3373892
1781913575796,78000000,Executor0,78000000
1781913575885,8215025,Executor0,8215025
1781913576069,3423456,Executor0,3423456
1781913576796,78000000,Executor0,78000000
1781913576885,8215025,Executor0,8215025
1781913577069,3473971,Executor0,3473971
1781913577796,78000000,Executor0,78000000
1781913577885,8215025,Executor0,8215025
1781913578069,3524100,Executor0,3524100
1781913578796,78000000,Executor0,78000000
1781913578885,8215025,Executor0,8215025
1781913579069,3572406,Executor0,3572406
1781913579796,78000000,Executor0,78000000
1781913579885,8215025,Executor0,8215025
1781913580069,3624100,Executor0,3624100
1781913580796,78000000,Executor0,78000000
1781913580885,8215025,Executor0,8215025
1781913581069,3673116,Executor0,3673116
1781913581796,78000000,Executor0,78000000
1781913581885,8215025,Executor0,8215025
1781913582069,3724009,Executor0,3724009
1781913582796,78000000,Executor0,78000000
1781913582885,8215025,Executor0,8215025
1781913583069,3772600,Executor0,3772600
1781913583796,78000000,Executor0,78000000
1781913583885,8215025,Executor0,8215025
1781913584069,3821100,Executor0,3821100
1781913584796,78000000,Executor0,78000000
1781913584885,8215025,Executor0,8215025
1781913585069,3874100,Executor0,3874100
1781913585796,78000000,Executor0,78000000
1781913585885,8215025,Executor0,8215025
1781913586069,3923430,Executor0,3923430
1781913586796,78000000,Executor0,78000000
1781913586885,8215025,Executor0,8215025
1781913587069,3973605,Executor0,3973605
1781913587796,78000000,Executor0,78000000
1781913587885,8215025,Executor0,8215025
1781913588069,4023164,Executor0,4023164
1781913588796,78000000,Executor0,78000000
1781913588885,8215025,Executor0,8215025
1781913589069,4073858,Executor0,4073858
1781913589796,78000000,Executor0,78000000
1781913589885,8215025,Executor0,8215025
1781913590069,4124100,Executor0,4124100
1781913590796,78000000,Executor0,78000000
1781913590885,8215025,Executor0,8215025
1781913591069,4174100,Executor0,4174100
1781913591796,78000000,Executor0,78000000
1781913591885,8215025,Executor0,8215025
1781913592069,4219359,Executor0,4219359
1781913592796,78000000,Executor0,78000000
1781913592885,8215025,Executor0,8215025
1781913593069,4274100,Executor0,4274100
1781913593796,78000000,Executor0,78000000
1781913593885,8215025,Executor0,8215025
1781913594069,4321779,Executor0,4321779
1781913594796,78000000,Executor0,78000000
1781913594885,8215025,Executor0,8215025
1781913595069,4374100,Executor0,4374100
1781913595796,78000000,Executor0,78000000
1781913595885,8215025,Executor0,8215025
1781913596069,4421842,Executor0,4421842
1781913596796,78000000,Executor0,78000000
1781913596885,8215025,Executor0,8215025
1781913597069,4473338,Executor0,4473338
1781913597796,78000000,Executor0,78000000
1781913597885,8215025,Executor0,8215025
1781913598069,4523928,Executor0,4523928
1781913598796,78000000,Executor0,78000000
1781913598885,8215025,Executor0,8215025
1781913599069,4572027,Executor0,4572027
1781913599796,78000000,Executor0,78000000
1781913599885,8215025,Executor0,8215025
1781913600069,4623239,Executor0,4623239
1781913600796,78000000,Executor0,78000000
1781913600885,8215025,Executor0,8215025
1781913601069,4673138,Executor0,4673138
1781913601796,78000000,Executor0,78000000
1781913601885,8215025,Executor0,8215025
1781913602069,4723864,Executor0,4723864
1781913602796,78000000,Executor0,78000000
1781913602885,8215025,Executor0,8215025
1781913603069,4772342,Executor0,4772342
1781913603796,78000000,Executor0,78000000
1781913603885,8215025,Executor0,8215025
1781913604069,4822184,Executor0,4822184
1781913604796,78000000,Executor0,78000000
1781913604885,8215025,Executor0,8215025
1781913605069,4874100,Executor0,4874100
1781913605796,78000000,Executor0,78000000
1781913605923,8215025,Executor0,8215025
1781913606069,4922934,Executor0,4922934
1781913606796,78000000,Executor0,78000000
1781913606885,8215025,Executor0,8215025
1781913607069,4974100,Executor0,4974100
1781913607796,78000000,Executor0,78000000
1781913607885,8215025,Executor0,8215025
1781913608069,5022284,Executor0,5022284
1781913608796,78000000,Executor0,78000000
1781913608885,8215025,Executor0,8215025
1781913609069,5072094,Executor0,5072094
1781913609796,78000000,Executor0,78000000
1781913609885,8215025,Executor0,8215025
1781913610069,5122846,Executor0,5122846
1781913610796,78000000,Executor0,78000000
1781913610885,8215025,Executor0,8215025
1781913611069,5172600,Executor0,5172600
1781913611796,78000000,Executor0,78000000
1781913611885,8215025,Executor0,8215025
1781913612069,5222832,Executor0,5222832
1781913612796,78000000,Executor0,78000000
1781913612885,8215025,Executor0,8215025
1781913613069,5272763,Executor0,5272763
1781913613796,78000000,Executor0,78000000
1781913613885,8215025,Executor0,8215025
1781913614069,5321270,Executor0,5321270
1781913614796,78000000,Executor0,78000000
1781913614885,8215025,Executor0,8215025
1781913615069,5373478,Executor0,5373478
1781913615796,78000000,Executor0,78000000
1781913615885,8215025,Executor0,8215025
1781913616069,5418763,Executor0,5418763
1781913616796,78000000,Executor0,78000000
1781913616885,8215025,Executor0,8215025
1781913617069,5472600,Executor0,5472600
1781913617796,78000000,Executor0,78000000
1781913617885,8215025,Executor0,8215025
1781913618069,5524049,Executor0,5524049
1781913618796,78000000,Executor0,78000000
1781913618885,8215025,Executor0,8215025
1781913619069,5572975,Executor0,5572975
1781913619796,78000000,Executor0,78000000
1781913619885,8215025,Executor0,8215025
1781913620069,5622600,Executor0,5622600
1781913620796,78000000,Executor0,78000000
1781913620885,8215025,Executor0,8215025
1781913621069,5671079,Executor0,5671079
1781913621796,78000000,Executor0,78000000
1781913621885,8215025,Executor0,8215025
1781913622069,5724100,Executor0,5724100
1781913622796,78000000,Executor0,78000000
1781913622885,8215025,Executor0,8215025
1781913623069,5770750,Executor0,5770750
1781913623796,78000000,Executor0,78000000
1781913623885,8215025,Executor0,8215025
1781913624069,5824100,Executor0,5824100
1781913624796,78000000,Executor0,78000000
1781913624885,8215025,Executor0,8215025
1781913625069,5871324,Executor0,5871324
1781913625796,78000000,Executor0,78000000
1781913625885,8215025,Executor0,8215025
1781913626069,5919837,Executor0,5919837
1781913626796,78000000,Executor0,78000000
1781913626885,8215025,Executor0,8215025
1781913627069,5971448,Executor0,5971448
1781913627796,78000000,Executor0,78000000
1781913627885,8215025,Executor0,8215025
1781913628069,6020446,Executor0,6020446
1781913628796,78000000,Executor0,78000000
1781913628885,8215025,Executor0,8215025
1781913629069,6091044,Executor0,6091044
1781913629796,78000000,Executor0,78000000
1781913629885,8215025,Executor0,8215025
1781913630069,6600100,Executor0,6600100
1781913630796,78000000,Executor0,78000000
1781913630885,8215025,Executor0,8215025
1781913631069,6800100,Executor0,6800100
1781913631796,78000000,Executor0,78000000
1781913631885,8215025,Executor0,8215025
1781913632069,6922699,Executor0,6922699
1781913632796,78000000,Executor0,78000000
1781913632885,8215025,Executor0,8215025
1781913633069,7133295,Executor0,7133295
1781913633796,78000000,Executor0,78000000
1781913633885,8215025,Executor0,8215025
1781913634069,7141274,Executor0,7141274
1781913634796,78000000,Executor0,78000000
1781913634885,8215025,Executor0,8215025
1781913635069,7141274,Executor0,7141274
1781913635796,78000000,Executor0,78000000
1781913635885,8215025,Executor0,8215025
1781913636069,7141274,Executor0,7141274
1781913636796,78000000,Executor0,78000000
1781913636885,8215025,Executor0,8215025
1781913637069,7141274,Executor0,7141274
1781913637796,78000000,Executor0,78000000
1781913637885,8215025,Executor0,8215025
1781913638069,7141274,Executor0,7141274
1781913638796,78000000,Executor0,78000000
1781913638885,8215025,Executor0,8215025
1781913639069,7141274,Executor0,7141274
1781913639796,78000000,Executor0,78000000
1781913639885,8215025,Executor0,8215025
1781913640069,7155096,Executor0,7155096
1781913640796,78000000,Executor0,78000000
1781913640885,8215025,Executor0,8215025
1781913641069,7247961,Executor0,7247961
1781913641796,78000000,Executor0,78000000
1781913641885,8215025,Executor0,8215025
1781913642069,7397994,Executor0,7397994
1781913642796,78000000,Executor0,78000000
1781913642885,8215025,Executor0,8215025
1781913643069,7577188,Executor0,7577188
1781913643796,78000000,Executor0,78000000
1781913643885,8215025,Executor0,8215025
1781913644069,7792626,Executor0,7792626
1781913644796,78000000,Executor0,78000000
1781913644885,8215025,Executor0,8215025
1781913645069,8063914,Executor0,8063914
1781913645796,78000000,Executor0,78000000
1781913645885,8215025,Executor0,8215025
1781913646069,8244057,Executor0,8244057
1781913646796,78000000,Executor0,78000000
1781913646885,8215025,Executor0,8215025
1781913647069,8500357,Executor0,8500357
1781913647796,78000000,Executor0,78000000
1781913647885,8215025,Executor0,8215025
1781913648069,8847018,Executor0,8847018
1781913648796,78000000,Executor0,78000000
1781913648885,8215025,Executor0,8215025
1781913649069,9137472,Executor0,9137472
1781913649796,78000000,Executor0,78000000
1781913649885,8215025,Executor0,8215025
1781913650069,9475954,Executor0,9475954
1781913650796,78000000,Executor0,78000000
1781913650885,8215025,Executor0,8215025
1781913651069,9825566,Executor0,9825566
1781913651796,78000000,Executor0,78000000
1781913651885,8215025,Executor0,8215025
1781913652069,10111767,Executor0,10111767
1781913652796,78000000,Executor0,78000000
1781913652885,8215025,Executor0,8215025
1781913653069,10411955,Executor0,10411955
1781913653796,78000000,Executor0,78000000
1781913653885,8215025,Executor0,8215025
1781913654069,10700133,Executor0,10700133
1781913654796,78000000,Executor0,78000000
1781913654885,8215025,Executor0,8215025
1781913655069,10909188,Executor0,10909188
1781913655796,78000000,Executor0,78000000
1781913655885,8215025,Executor0,8215025
1781913656069,11120920,Executor0,11120920
1781913656796,78000000,Executor0,78000000
1781913656885,8215025,Executor0,8215025
1781913657069,11354372,Executor0,11354372
1781913657796,78000000,Executor0,78000000
1781913657885,8215025,Executor0,8215025
1781913658069,11576372,Executor0,11576372
1781913658796,78000000,Executor0,78000000
1781913658885,8215025,Executor0,8215025
1781913659069,11805517,Executor0,11805517
1781913659796,78000000,Executor0,78000000
1781913659885,8215025,Executor0,8215025
1781913660069,11991991,Executor0,11991991
1781913660835,78000000,Executor0,78000000
1781913660921,8215025,Executor0,8215025
1781913661069,12216484,Executor0,12216484
1781913661796,78000000,Executor0,78000000
1781913661885,8215025,Executor0,8215025
1781913662069,12409838,Executor0,12409838
1781913662796,78000000,Executor0,78000000
1781913662885,8215025,Executor0,8215025
1781913663069,12588206,Executor0,12588206
1781913663796,78000000,Executor0,78000000
1781913663885,8215025,Executor0,8215025
1781913664069,12814460,Executor0,12814460
1781913664796,78000000,Executor0,78000000
1781913664885,8215025,Executor0,8215025
1781913665069,13044206,Executor0,13044206
1781913665796,78000000,Executor0,78000000
1781913665885,8215025,Executor0,8215025
1781913666069,13233880,Executor0,13233880
1781913666796,78000000,Executor0,78000000
1781913666885,8215025,Executor0,8215025
1781913667069,13440424,Executor0,13440424
1781913667796,78000000,Executor0,78000000
1781913667885,8215025,Executor0,8215025
1781913668069,13675059,Executor0,13675059
1781913668796,78000000,Executor0,78000000
1781913668885,8215025,Executor0,8215025
1781913669069,13891796,Executor0,13891796
1781913669796,78000000,Executor0,78000000
1781913669885,8215025,Executor0,8215025
1781913670069,14078297,Executor0,14078297
1781913670796,78000000,Executor0,78000000
1781913670885,8215025,Executor0,8215025
1781913671069,14306859,Executor0,14306859
1781913671796,78000000,Executor0,78000000
1781913671885,8215025,Executor0,8215025
1781913672069,14529214,Executor0,14529214
1781913672796,78000000,Executor0,78000000
1781913672885,8215025,Executor0,8215025
1781913673069,14750859,Executor0,14750859
1781913673796,78000000,Executor0,78000000
1781913673885,8215025,Executor0,8215025
1781913674069,14948859,Executor0,14948859
1781913674796,78000000,Executor0,78000000
1781913674885,8215025,Executor0,8215025
1781913675069,15113966,Executor0,15113966
1781913675796,78000000,Executor0,78000000
1781913675885,8215025,Executor0,8215025
1781913676069,15199441,Executor0,15199441
1781913676796,78000000,Executor0,78000000
1781913676885,8215025,Executor0,8215025
1781913677069,15245784,Executor0,15245784
1781913677796,78000000,Executor0,78000000
1781913677885,8215025,Executor0,8215025
1781913678069,15277268,Executor0,15277268
1781913678796,78000000,Executor0,78000000
1781913678885,8215025,Executor0,8215025
1781913679069,15322449,Executor0,15322449
1781913679796,78000000,Executor0,78000000
1781913679885,8215025,Executor0,8215025
1781913680069,15372540,Executor0,15372540
1781913680796,78000000,Executor0,78000000
1781913680885,8215025,Executor0,8215025
1781913681069,15423456,Executor0,15423456
1781913681796,78000000,Executor0,78000000
1781913681885,8215025,Executor0,8215025
1781913682069,15471100,Executor0,15471100
1781913682796,78000000,Executor0,78000000
1781913682885,8215025,Executor0,8215025
1781913683069,15519600,Executor0,15519600
1781913683796,78000000,Executor0,78000000
1781913683885,8215025,Executor0,8215025
1781913684069,15572002,Executor0,15572002
1781913684796,78000000,Executor0,78000000
1781913684885,8215025,Executor0,8215025
1781913685069,15624100,Executor0,15624100
1781913685796,78000000,Executor0,78000000
1781913685885,8215025,Executor0,8215025
1781913686069,15670446,Executor0,15670446
1781913686796,78000000,Executor0,78000000
1781913686885,8215025,Executor0,8215025
1781913687069,15720937,Executor0,15720937
1781913687796,78000000,Executor0,78000000
1781913687885,8215025,Executor0,8215025
1781913688069,15774100,Executor0,15774100
1781913688796,78000000,Executor0,78000000
1781913688885,8215025,Executor0,8215025
1781913689069,15821100,Executor0,15821100
1781913689796,78000000,Executor0,78000000
1781913689885,8215025,Executor0,8215025
1781913690069,15874100,Executor0,15874100
1781913690796,78000000,Executor0,78000000
1781913690885,8215025,Executor0,8215025
1781913691069,15920262,Executor0,15920262
1781913691796,78000000,Executor0,78000000
1781913691885,8215025,Executor0,8215025
1781913692069,15974100,Executor0,15974100
1781913692796,78000000,Executor0,78000000
1781913692885,8215025,Executor0,8215025
1781913693069,16021100,Executor0,16021100
1781913693796,78000000,Executor0,78000000
1781913693885,8215025,Executor0,8215025
1781913694069,16071100,Executor0,16071100
1781913694796,78000000,Executor0,78000000
1781913694885,8215025,Executor0,8215025
1781913695069,16122600,Executor0,16122600
1781913695796,78000000,Executor0,78000000
1781913695885,8215025,Executor0,8215025
1781913696069,16170964,Executor0,16170964
1781913696796,78000000,Executor0,78000000
1781913696885,8215025,Executor0,8215025
1781913697069,16223603,Executor0,16223603
1781913697796,78000000,Executor0,78000000
1781913697885,8215025,Executor0,8215025
1781913698069,16269600,Executor0,16269600
1781913698796,78000000,Executor0,78000000
1781913698885,8215025,Executor0,8215025
1781913699069,16323533,Executor0,16323533
1781913699796,78000000,Executor0,78000000
1781913699885,8215025,Executor0,8215025
1781913700069,16373895,Executor0,16373895
1781913700796,78000000,Executor0,78000000
1781913700885,8215025,Executor0,8215025
1781913701069,16422220,Executor0,16422220
1781913701796,78000000,Executor0,78000000
1781913701885,8215025,Executor0,8215025
1781913702069,16469539,Executor0,16469539
1781913702796,78000000,Executor0,78000000
1781913702885,8215025,Executor0,8215025
1781913703069,16522437,Executor0,16522437
1781913703796,78000000,Executor0,78000000
1781913703885,8215025,Executor0,8215025
1781913704069,16572165,Executor0,16572165
1781913704796,78000000,Executor0,78000000
1781913704885,8215025,Executor0,8215025
1781913705069,16620850,Executor0,16620850
1781913705796,78000000,Executor0,78000000
1781913705885,8215025,Executor0,8215025
1781913706069,16672492,Executor0,16672492
1781913706796,78000000,Executor0,78000000
1781913706885,8215025,Executor0,8215025
1781913707069,16722600,Executor0,16722600
1781913707796,78000000,Executor0,78000000
1781913707885,8215025,Executor0,8215025
1781913708069,16769600,Executor0,16769600
1781913708796,78000000,Executor0,78000000
1781913708885,8215025,Executor0,8215025
1781913709069,16824100,Executor0,16824100
1781913709796,78000000,Executor0,78000000
1781913709885,8215025,Executor0,8215025
1781913710069,16870664,Executor0,16870664
1781913710796,78000000,Executor0,78000000
1781913710885,8215025,Executor0,8215025
1781913711069,16921452,Executor0,16921452
1781913711796,78000000,Executor0,78000000
1781913711885,8215025,Executor0,8215025
1781913712069,16971656,Executor0,16971656
1781913712796,78000000,Executor0,78000000
1781913712885,8215025,Executor0,8215025
1781913713069,17022076,Executor0,17022076
1781913713796,78000000,Executor0,78000000
1781913713885,8215025,Executor0,8215025
1781913714069,17072600,Executor0,17072600
1781913714796,78000000,Executor0,78000000
1781913714885,8215025,Executor0,8215025
1781913715069,17120836,Executor0,17120836
1781913715796,78000000,Executor0,78000000
1781913715885,8215025,Executor0,8215025
1781913716069,17172600,Executor0,17172600
1781913716796,78000000,Executor0,78000000
1781913716885,8215025,Executor0,8215025
1781913717069,17222600,Executor0,17222600
1781913717796,78000000,Executor0,78000000
1781913717885,8215025,Executor0,8215025
1781913718069,17269600,Executor0,17269600
1781913718796,78000000,Executor0,78000000
1781913718885,8215025,Executor0,8215025
1781913719069,17323826,Executor0,17323826
1781913719796,78000000,Executor0,78000000
1781913719885,8215025,Executor0,8215025
1781913720069,17370469,Executor0,17370469
1781913720796,78000000,Executor0,78000000
1781913720885,8215025,Executor0,8215025
1781913721069,17422907,Executor0,17422907
1781913721796,78000000,Executor0,78000000
1781913721885,8215025,Executor0,8215025
1781913722069,17472501,Executor0,17472501
1781913722796,78000000,Executor0,78000000
1781913722885,8215025,Executor0,8215025
1781913723069,17519535,Executor0,17519535
1781913723796,78000000,Executor0,78000000
1781913723885,8215025,Executor0,8215025
1781913724069,17573751,Executor0,17573751
1781913724796,78000000,Executor0,78000000
1781913724885,8215025,Executor0,8215025
1781913725069,17622259,Executor0,17622259
1781913725796,78000000,Executor0,78000000
1781913725885,8215025,Executor0,8215025
1781913726110,17672600,Executor0,17672600
1781913726796,78000000,Executor0,78000000
1781913726885,8215025,Executor0,8215025
1781913727069,17723110,Executor0,17723110
1781913727796,78000000,Executor0,78000000
1781913727885,8215025,Executor0,8215025
1781913728069,17770556,Executor0,17770556
1781913728796,78000000,Executor0,78000000
1781913728885,8215025,Executor0,8215025
1781913729069,17822318,Executor0,17822318
1781913729796,78000000,Executor0,78000000
1781913729885,8215025,Executor0,8215025
1781913730069,17869600,Executor0,17869600
1781913730796,78000000,Executor0,78000000
1781913730885,8215025,Executor0,8215025
1781913731069,17924010,Executor0,17924010
1781913731796,78000000,Executor0,78000000
1781913731885,8215025,Executor0,8215025
1781913732069,17970101,Executor0,17970101
1781913732796,78000000,Executor0,78000000
1781913732885,8215025,Executor0,8215025
1781913733069,18022080,Executor0,18022080
1781913733796,78000000,Executor0,78000000
1781913733885,8215025,Executor0,8215025
1781913734069,18078637,Executor0,18078637
1781913734796,78000000,Executor0,78000000
1781913734885,8215025,Executor0,8215025
1781913735069,18165059,Executor0,18165059
1781913735796,78000000,Executor0,78000000
1781913735885,8215025,Executor0,8215025
1781913736104,18725978,Executor0,18725978
1781913736796,78000000,Executor0,78000000
1781913736885,8215025,Executor0,8215025
1781913737069,18774865,Executor0,18774865
1781913737796,78000000,Executor0,78000000
1781913737885,8215025,Executor0,8215025
1781913738069,19122077,Executor0,19122077
1781913738796,78000000,Executor0,78000000
1781913738885,8215025,Executor0,8215025
1781913739069,19283368,Executor0,19283368
1781913739796,78000000,Executor0,78000000
1781913739885,8215025,Executor0,8215025
1781913740069,19476880,Executor0,19476880
1781913740796,78000000,Executor0,78000000
1781913740885,8215025,Executor0,8215025
1781913741069,19657613,Executor0,19657613
1781913741796,78000000,Executor0,78000000
1781913741885,8215025,Executor0,8215025
1781913742069,19878315,Executor0,19878315
1781913742796,78000000,Executor0,78000000
1781913742885,8215025,Executor0,8215025
1781913743069,20087746,Executor0,20087746
1781913743796,78000000,Executor0,78000000
1781913743885,8215025,Executor0,8215025
1781913744069,20272100,Executor0,20272100
1781913744796,78000000,Executor0,78000000
1781913744885,8215025,Executor0,8215025
1781913745069,20479447,Executor0,20479447
1781913745796,78000000,Executor0,78000000
1781913745885,8215025,Executor0,8215025
1781913746093,20681356,Executor0,20681356
1781913746796,78000000,Executor0,78000000
1781913746885,8215025,Executor0,8215025
1781913747069,20858428,Executor0,20858428
1781913747796,78000000,Executor0,78000000
1781913747885,8215025,Executor0,8215025
1781913748069,21076428,Executor0,21076428
1781913748796,78000000,Executor0,78000000
1781913748885,8215025,Executor0,8215025
1781913749069,21270402,Executor0,21270402
1781913749796,78000000,Executor0,78000000
1781913749885,8215025,Executor0,8215025
1781913750069,21460972,Executor0,21460972
1781913750796,78000000,Executor0,78000000
1781913750885,8215025,Executor0,8215025
1781913751069,21640421,Executor0,21640421
1781913751796,78000000,Executor0,78000000
1781913751885,8215025,Executor0,8215025
1781913752069,21870730,Executor0,21870730
1781913752796,78000000,Executor0,78000000
1781913752885,8215025,Executor0,8215025
1781913753069,22054694,Executor0,22054694
1781913753796,78000000,Executor0,78000000
1781913753885,8215025,Executor0,8215025
1781913754069,22278834,Executor0,22278834
1781913754796,78000000,Executor0,78000000
1781913754885,8215025,Executor0,8215025
1781913755069,22461239,Executor0,22461239
1781913755796,78000000,Executor0,78000000
1781913755885,8215025,Executor0,8215025
1781913756069,22668083,Executor0,22668083
1781913756796,78000000,Executor0,78000000
1781913756885,8215025,Executor0,8215025
1781913757069,22872209,Executor0,22872209
1781913757796,78000000,Executor0,78000000
1781913757885,8215025,Executor0,8215025
1781913758069,23079171,Executor0,23079171
1781913758796,78000000,Executor0,78000000
1781913758885,8215025,Executor0,8215025
1781913759069,23256024,Executor0,23256024
1781913759796,78000000,Executor0,78000000
1781913759885,8215025,Executor0,8215025
1781913760069,23470731,Executor0,23470731
1781913760796,78000000,Executor0,78000000
1781913760885,8215025,Executor0,8215025
1781913761069,23674884,Executor0,23674884
1781913761796,78000000,Executor0,78000000
1781913761885,8215025,Executor0,8215025
1781913762069,23850000,Executor0,23850000
1781913762796,78000000,Executor0,78000000
1781913762885,8215025,Executor0,8215025
1781913763069,23850000,Executor0,23850000
1781913763796,78000000,Executor0,78000000
1781913763885,8215025,Executor0,8215025
1781913764069,23850000,Executor0,23850000
1781913764796,78000000,Executor0,78000000
1781913764885,8215025,Executor0,8215025
1781913765069,23850000,Executor0,23850000
1781913765796,78000000,Executor0,78000000
1781913765885,8215025,Executor0,8215025
1781913766069,23850000,Executor0,23850000
1781913766796,78000000,Executor0,78000000
1781913766885,8215025,Executor0,8215025
1781913767069,23850000,Executor0,23850000
1781913767796,78000000,Executor0,78000000
1781913767885,8215025,Executor0,8215025
1781913768069,23850000,Executor0,23850000
1781913768796,78000000,Executor0,78000000
1781913768885,8215025,Executor0,8215025
1781913769069,23850000,Executor0,23850000
1781913769796,78000000,Executor0,78000000
1781913769885,8215025,Executor0,8215025
1781913770069,23850000,Executor0,23850000
1781913770796,78000000,Executor0,78000000
1781913770885,8215025,Executor0,8215025
1781913771069,23850000,Executor0,23850000
1781913771796,78000000,Executor0,78000000
1781913771885,8215025,Executor0,8215025
1781913772069,23850000,Executor0,23850000
1781913772796,78000000,Executor0,78000000
1781913772885,8215025,Executor0,8215025
1781913773069,23850000,Executor0,23850000
1781913773796,78000000,Executor0,78000000
1781913773885,8215025,Executor0,8215025
1781913774069,23850000,Executor0,23850000
1781913774796,78000000,Executor0,78000000
1781913774885,8215025,Executor0,8215025
1781913775069,23850000,Executor0,23850000
1781913775796,78000000,Executor0,78000000
1781913775885,8215025,Executor0,8215025
1781913776069,23850000,Executor0,23850000
1781913776796,78000000,Executor0,78000000
1781913776885,8215025,Executor0,8215025
1781913777069,23850000,Executor0,23850000
1781913777796,78000000,Executor0,78000000
1781913777885,8215025,Executor0,8215025
1781913778069,23850000,Executor0,23850000
1781913778796,78000000,Executor0,78000000
1781913778885,8215025,Executor0,8215025
1781913779069,23850000,Executor0,23850000
1781913779796,78000000,Executor0,78000000
1781913779885,8215025,Executor0,8215025
1781913780069,23850000,Executor0,23850000
1781913780796,78000000,Executor0,78000000
1781913780885,8215025,Executor0,8215025
1781913781069,23850000,Executor0,23850000
1781913781796,78000000,Executor0,78000000
1781913781885,8215025,Executor0,8215025
1781913782069,23850000,Executor0,23850000
1781913782796,78000000,Executor0,78000000
1781913782885,8215025,Executor0,8215025
1781913783069,23850000,Executor0,23850000
1781913783796,78000000,Executor0,78000000
1781913783885,8215025,Executor0,8215025
1781913784069,23850000,Executor0,23850000
1781913784796,78000000,Executor0,78000000
1781913784885,8215025,Executor0,8215025
1781913785069,23850000,Executor0,23850000
1781913785796,78000000,Executor0,78000000
1781913785885,8215025,Executor0,8215025
1781913786069,23850000,Executor0,23850000
1781913786796,78000000,Executor0,78000000
1781913786885,8215025,Executor0,8215025
1781913787069,23850000,Executor0,23850000
1781913787796,78000000,Executor0,78000000
1781913787885,8215025,Executor0,8215025
1781913788069,23850000,Executor0,23850000
1781913788796,78000000,Executor0,78000000
1781913788885,8215025,Executor0,8215025
1781913789069,23850000,Executor0,23850000
1781913789796,78000000,Executor0,78000000
1781913789885,8215025,Executor0,8215025
1781913790069,23850000,Executor0,23850000
1781913790796,78000000,Executor0,78000000
1781913790885,8215025,Executor0,8215025
1781913791069,23850000,Executor0,23850000
1781913791796,78000000,Executor0,78000000
1781913791885,8215025,Executor0,8215025
1781913792069,23850000,Executor0,23850000
1781913792796,78000000,Executor0,78000000
1781913792885,8215025,Executor0,8215025
1781913793069,23850000,Executor0,23850000
1781913793796,78000000,Executor0,78000000
1781913793885,8215025,Executor0,8215025
1781913794069,23850000,Executor0,23850000
1781913794796,78000000,Executor0,78000000
1781913794885,8215025,Executor0,8215025
1781913795069,23850000,Executor0,23850000
1781913795796,78000000,Executor0,78000000
1781913795885,8215025,Executor0,8215025
1781913796069,23850000,Executor0,23850000
1781913796796,78000000,Executor0,78000000
1781913796885,8215025,Executor0,8215025
1781913797069,23850000,Executor0,23850000
1781913797796,78000000,Executor0,78000000
1781913797885,8215025,Executor0,8215025
1781913798069,23850000,Executor0,23850000
1781913798796,78000000,Executor0,78000000
1781913798885,8215025,Executor0,8215025
1781913799069,23850000,Executor0,23850000
1781913799796,78000000,Executor0,78000000
1781913799885,8215025,Executor0,8215025
1781913800069,23850000,Executor0,23850000
1781913800796,78000000,Executor0,78000000
1781913800885,8215025,Executor0,8215025
1781913801069,23850000,Executor0,23850000
1781913801796,78000000,Executor0,78000000
1781913801885,8215025,Executor0,8215025
1781913802069,23850000,Executor0,23850000
1781913802796,78000000,Executor0,78000000
1781913802885,8215025,Executor0,8215025
1781913803069,23850000,Executor0,23850000
1781913803796,78000000,Executor0,78000000
1781913803885,8215025,Executor0,8215025
1781913804069,23850000,Executor0,23850000
1781913804796,78000000,Executor0,78000000
1781913804885,8215025,Executor0,8215025
1781913805069,23850000,Executor0,23850000
1781913805796,78000000,Executor0,78000000
1781913805885,8215025,Executor0,8215025
1781913806069,23850000,Executor0,23850000
1781913806796,78000000,Executor0,78000000
1781913806885,8215025,Executor0,8215025
1781913807069,23850000,Executor0,23850000
1781913807796,78000000,Executor0,78000000
1781913807885,8215025,Executor0,8215025
1781913808069,23850000,Executor0,23850000
1781913808796,78000000,Executor0,78000000
1781913808885,8215025,Executor0,8215025
1781913809069,23850000,Executor0,23850000
1781913809796,78000000,Executor0,78000000
1781913809885,8215025,Executor0,8215025
1781913810069,23850000,Executor0,23850000
1781913810796,78000000,Executor0,78000000
1781913810885,8215025,Executor0,8215025
1781913811069,23850000,Executor0,23850000
1781913811796,78000000,Executor0,78000000
1781913811885,8215025,Executor0,8215025
1781913812069,23850000,Executor0,23850000
1781913812796,78000000,Executor0,78000000
1781913812885,8215025,Executor0,8215025
1781913813069,23850000,Executor0,23850000
1781913813796,78000000,Executor0,78000000
1781913813885,8215025,Executor0,8215025
1781913814069,23850000,Executor0,23850000
1781913814796,78000000,Executor0,78000000
1781913814885,8215025,Executor0,8215025
1781913815069,23850000,Executor0,23850000
1781913815796,78000000,Executor0,78000000
1781913815885,8215025,Executor0,8215025
1781913816069,23850000,Executor0,23850000
1781913816796,78000000,Executor0,78000000
1781913816885,8215025,Executor0,8215025
1781913817069,23850000,Executor0,23850000
1781913817796,78000000,Executor0,78000000
1781913817885,8215025,Executor0,8215025
1781913818069,23850000,Executor0,23850000
1781913818796,78000000,Executor0,78000000
1781913818885,8215025,Executor0,8215025
1781913819069,23850000,Executor0,23850000
1781913819796,78000000,Executor0,78000000
1781913819885,8215025,Executor0,8215025
1781913820069,23850000,Executor0,23850000
1781913820796,78000000,Executor0,78000000
1781913820885,8215025,Executor0,8215025
1781913821069,23850000,Executor0,23850000
1781913821796,78000000,Executor0,78000000
1781913821885,8215025,Executor0,8215025
1781913822069,23850000,Executor0,23850000
1781913822796,78000000,Executor0,78000000
1781913822885,8215025,Executor0,8215025
1781913823069,23850000,Executor0,23850000
1781913823796,78000000,Executor0,78000000
1781913823885,8215025,Executor0,8215025
1781913824069,23850000,Executor0,23850000
1781913824796,78000000,Executor0,78000000
1781913824885,8215025,Executor0,8215025
1781913825069,23850000,Executor0,23850000
1781913825796,78000000,Executor0,78000000
1781913825885,8215025,Executor0,8215025
1781913826069,23850000,Executor0,23850000
1781913826796,78000000,Executor0,78000000
1781913826885,8215025,Executor0,8215025
1781913827069,23850000,Executor0,23850000
1781913827796,78000000,Executor0,78000000
1781913827885,8215025,Executor0,8215025
1781913828069,23850000,Executor0,23850000
1781913828796,78000000,Executor0,78000000
1781913828885,8215025,Executor0,8215025
1781913829069,23850000,Executor0,23850000
1781913829796,78000000,Executor0,78000000
1781913829885,8215025,Executor0,8215025
1781913830069,23850000,Executor0,23850000
1781913830796,78000000,Executor0,78000000
1781913830885,8215025,Executor0,8215025
1781913831069,23850000,Executor0,23850000
1781913831796,78000000,Executor0,78000000
1781913831885,8215025,Executor0,8215025
1781913832069,23850000,Executor0,23850000
1781913832796,78000000,Executor0,78000000
1781913832885,8215025,Executor0,8215025
1781913833069,23850000,Executor0,23850000
1781913833796,78000000,Executor0,78000000
1781913833885,8215025,Executor0,8215025
1781913834069,23850000,Executor0,23850000
1781913834796,78000000,Executor0,78000000
1781913834885,8215025,Executor0,8215025
1781913835069,23850000,Executor0,23850000
1781913835796,78000000,Executor0,78000000
1781913835885,8215025,Executor0,8215025
1781913836069,23850000,Executor0,23850000
1781913836796,78000000,Executor0,78000000
1781913836885,8215025,Executor0,8215025
1781913837069,23850000,Executor0,23850000
1781913837796,78000000,Executor0,78000000
1781913837885,8215025,Executor0,8215025
1781913838069,23850000,Executor0,23850000
1781913838796,78000000,Executor0,78000000
1781913838885,8215025,Executor0,8215025
1781913839069,23850000,Executor0,23850000
1781913839796,78000000,Executor0,78000000
1781913839885,8215025,Executor0,8215025
1781913840069,23850000,Executor0,23850000
1781913840796,78000000,Executor0,78000000
1781913840885,8215025,Executor0,8215025
1781913841069,23850000,Executor0,23850000
1781913841796,78000000,Executor0,78000000
1781913841885,8215025,Executor0,8215025
1781913842069,23850000,Executor0,23850000
1781913842796,78000000,Executor0,78000000
1781913842885,8215025,Executor0,8215025
1781913843069,23850000,Executor0,23850000
1781913843796,78000000,Executor0,78000000
1781913843885,8215025,Executor0,8215025
1781913844069,23850000,Executor0,23850000
1781913844796,78000000,Executor0,78000000
1781913844885,8215025,Executor0,8215025
1781913845069,23850000,Executor0,23850000
1781913845796,78000000,Executor0,78000000
1781913845885,8215025,Executor0,8215025
1781913846069,23850000,Executor0,23850000
1781913846796,78000000,Executor0,78000000
1781913846885,8215025,Executor0,8215025
1781913847069,23850000,Executor0,23850000
1781913847796,78000000,Executor0,78000000
1781913847885,8215025,Executor0,8215025
1781913848069,23850000,Executor0,23850000
1781913848796,78000000,Executor0,78000000
1781913848885,8215025,Executor0,8215025
1781913849069,23850000,Executor0,23850000
1781913849796,78000000,Executor0,78000000
1781913849885,8215025,Executor0,8215025
1781913850069,23850000,Executor0,23850000
1781913850796,78000000,Executor0,78000000
1781913850885,8215025,Executor0,8215025
1781913851069,23850000,Executor0,23850000
1781913851796,78000000,Executor0,78000000
1781913851885,8215025,Executor0,8215025
1781913852069,23850000,Executor0,23850000
1781913852796,78000000,Executor0,78000000
1781913852885,8215025,Executor0,8215025
1781913853069,23850000,Executor0,23850000
1781913853796,78000000,Executor0,78000000
1781913853885,8215025,Executor0,8215025
1781913854069,23850000,Executor0,23850000
1781913854796,78000000,Executor0,78000000
1781913854885,8215025,Executor0,8215025
1781913855069,23850000,Executor0,23850000
1781913855796,78000000,Executor0,78000000
1781913855885,8215025,Executor0,8215025
1781913856069,23850000,Executor0,23850000
1781913856796,78000000,Executor0,78000000
1781913856885,8215025,Executor0,8215025
1781913857069,23850000,Executor0,23850000
1781913857796,78000000,Executor0,78000000
1781913857885,8215025,Executor0,8215025
1781913858069,23850000,Executor0,23850000
1781913858796,78000000,Executor0,78000000
1781913858885,8215025,Executor0,8215025
1781913859069,23850000,Executor0,23850000
1781913859796,78000000,Executor0,78000000
1781913859885,8215025,Executor0,8215025
1781913860069,23850000,Executor0,23850000
1781913860796,78000000,Executor0,78000000
1781913860885,8215025,Executor0,8215025
1781913861069,23850000,Executor0,23850000
1781913861796,78000000,Executor0,78000000
1781913861885,8215025,Executor0,8215025
1781913862069,23850000,Executor0,23850000
1781913862796,78000000,Executor0,78000000
1781913862885,8215025,Executor0,8215025
1781913863069,23850000,Executor0,23850000
1781913863796,78000000,Executor0,78000000
1781913863885,8215025,Executor0,8215025
1781913864069,23850000,Executor0,23850000
1781913864796,78000000,Executor0,78000000
1781913864885,8215025,Executor0,8215025
1781913865069,23850000,Executor0,23850000
1781913865796,78000000,Executor0,78000000
1781913865885,8215025,Executor0,8215025
1781913866069,23850000,Executor0,23850000
1781913866796,78000000,Executor0,78000000
1781913866885,8215025,Executor0,8215025
1781913867069,23850000,Executor0,23850000
1781913867796,78000000,Executor0,78000000
1781913867885,8215025,Executor0,8215025
1781913868069,23850000,Executor0,23850000
1781913868796,78000000,Executor0,78000000
1781913868885,8215025,Executor0,8215025
1781913869069,23850000,Executor0,23850000
1781913869796,78000000,Executor0,78000000
1781913869885,8215025,Executor0,8215025
1781913870069,23850000,Executor0,23850000
1781913870796,78000000,Executor0,78000000
1781913870885,8215025,Executor0,8215025
1781913871069,23850000,Executor0,23850000
1781913871796,78000000,Executor0,78000000
1781913871885,8215025,Executor0,8215025
1781913872069,23850000,Executor0,23850000
1781913872796,78000000,Executor0,78000000
1781913872885,8215025,Executor0,8215025
1781913873069,23850000,Executor0,23850000
1781913873796,78000000,Executor0,78000000
1781913873885,8215025,Executor0,8215025
1781913874069,23850000,Executor0,23850000
1781913874796,78000000,Executor0,78000000
1781913874885,8215025,Executor0,8215025
1781913875069,23850000,Executor0,23850000
1781913875796,78000000,Executor0,78000000
1781913875885,8215025,Executor0,8215025
1781913876069,23850000,Executor0,23850000
1781913876796,78000000,Executor0,78000000
1781913876885,8215025,Executor0,8215025
1781913877069,23850000,Executor0,23850000
1781913877796,78000000,Executor0,78000000
1781913877885,8215025,Executor0,8215025
1781913878069,23850000,Executor0,23850000
1781913878796,78000000,Executor0,78000000
1781913878885,8215025,Executor0,8215025
1781913879069,23850000,Executor0,23850000
1781913879796,78000000,Executor0,78000000
1781913879885,8215025,Executor0,8215025
1781913880069,23850000,Executor0,23850000
1781913880796,78000000,Executor0,78000000
1781913880885,8215025,Executor0,8215025
1781913881069,23850000,Executor0,23850000
1781913881796,78000000,Executor0,78000000
1781913881885,8215025,Executor0,8215025
1781913882069,23850000,Executor0,23850000
1781913882796,78000000,Executor0,78000000
1781913882885,8215025,Executor0,8215025
1781913883069,23850000,Executor0,23850000
1781913883796,78000000,Executor0,78000000
1781913883885,8215025,Executor0,8215025
1781913884069,23850000,Executor0,23850000
1781913884796,78000000,Executor0,78000000
1781913884885,8215025,Executor0,8215025
1781913885069,23850000,Executor0,23850000
1781913885796,78000000,Executor0,78000000
1781913885885,8215025,Executor0,8215025
1781913886069,23850000,Executor0,23850000
1781913886796,78000000,Executor0,78000000
1781913886885,8215025,Executor0,8215025
1781913887069,23850000,Executor0,23850000
1781913887796,78000000,Executor0,78000000
1781913887885,8215025,Executor0,8215025
1781913888069,23850000,Executor0,23850000
1781913888796,78000000,Executor0,78000000
1781913888885,8215025,Executor0,8215025
1781913889069,23850000,Executor0,23850000
1781913889796,78000000,Executor0,78000000
1781913889885,8215025,Executor0,8215025
1781913890069,23850000,Executor0,23850000
1781913890796,78000000,Executor0,78000000
1781913890885,8215025,Executor0,8215025
1781913891069,23850000,Executor0,23850000
1781913891796,78000000,Executor0,78000000
1781913891885,8215025,Executor0,8215025
1781913892069,23850000,Executor0,23850000
1781913892796,78000000,Executor0,78000000
1781913892885,8215025,Executor0,8215025
1781913893069,23850000,Executor0,23850000
1781913893796,78000000,Executor0,78000000
1781913893885,8215025,Executor0,8215025
1781913894069,23850000,Executor0,23850000
1781913894796,78000000,Executor0,78000000
1781913894885,8215025,Executor0,8215025
1781913895069,23850000,Executor0,23850000
1781913895796,78000000,Executor0,78000000
1781913895885,8215025,Executor0,8215025
1781913896069,23850000,Executor0,23850000
1781913896796,78000000,Executor0,78000000
1781913896885,8215025,Executor0,8215025
1781913897069,23850000,Executor0,23850000
1781913897796,78000000,Executor0,78000000
1781913897885,8215025,Executor0,8215025
1781913898069,23850000,Executor0,23850000
1781913898796,78000000,Executor0,78000000
1781913898885,8215025,Executor0,8215025
1781913899069,23850000,Executor0,23850000
1781913899796,78000000,Executor0,78000000
1781913899885,8215025,Executor0,8215025
1781913900069,23850000,Executor0,23850000
1781913900796,78000000,Executor0,78000000
1781913900885,8215025,Executor0,8215025
1781913901069,23850000,Executor0,23850000
1781913901796,78000000,Executor0,78000000
1781913901885,8215025,Executor0,8215025
1781913902069,23850000,Executor0,23850000
1781913902796,78000000,Executor0,78000000
1781913902885,8215025,Executor0,8215025
1781913903069,23850000,Executor0,23850000
1781913903796,78000000,Executor0,78000000
1781913903885,8215025,Executor0,8215025
1781913904069,23850000,Executor0,23850000
1781913904796,78000000,Executor0,78000000
1781913904885,8215025,Executor0,8215025
1781913905069,23850000,Executor0,23850000
1781913905796,78000000,Executor0,78000000
1781913905885,8215025,Executor0,8215025
1781913906069,23850000,Executor0,23850000
1781913906796,78000000,Executor0,78000000
1781913906885,8215025,Executor0,8215025
1781913907069,23850000,Executor0,23850000
1781913907796,78000000,Executor0,78000000
1781913907885,8215025,Executor0,8215025
1781913908069,23850000,Executor0,23850000
1781913908796,78000000,Executor0,78000000
1781913908885,8215025,Executor0,8215025
1781913909069,23850000,Executor0,23850000
1781913909796,78000000,Executor0,78000000
1781913909885,8215025,Executor0,8215025
1781913910069,23850000,Executor0,23850000
1781913910796,78000000,Executor0,78000000
1781913910885,8215025,Executor0,8215025
1781913911069,23850000,Executor0,23850000
1781913911796,78000000,Executor0,78000000
1781913911885,8215025,Executor0,8215025
1781913912069,23850000,Executor0,23850000
1781913912796,78000000,Executor0,78000000
1781913912885,8215025,Executor0,8215025
1781913913069,23850000,Executor0,23850000
1781913913796,78000000,Executor0,78000000
1781913913885,8215025,Executor0,8215025
1781913914069,23850000,Executor0,23850000
1781913914796,78000000,Executor0,78000000
1781913914885,8215025,Executor0,8215025
1781913915069,23850000,Executor0,23850000
1781913915796,78000000,Executor0,78000000
1781913915885,8215025,Executor0,8215025
1781913916069,23850000,Executor0,23850000
1781913916796,78000000,Executor0,78000000
1781913916885,8215025,Executor0,8215025
1781913917069,23850000,Executor0,23850000
1781913917796,78000000,Executor0,78000000
1781913917885,8215025,Executor0,8215025
1781913918069,23850000,Executor0,23850000
1781913918796,78000000,Executor0,78000000
1781913918885,8215025,Executor0,8215025
1781913919069,23850000,Executor0,23850000
1781913919796,78000000,Executor0,78000000
1781913919885,8215025,Executor0,8215025
1781913920069,23850000,Executor0,23850000
1781913920796,78000000,Executor0,78000000
1781913920885,8215025,Executor0,8215025
1781913921069,23850000,Executor0,23850000
1781913921796,78000000,Executor0,78000000
1781913921885,8215025,Executor0,8215025
1781913922069,23850000,Executor0,23850000
1781913922796,78000000,Executor0,78000000
1781913922885,8215025,Executor0,8215025
1781913923069,23850000,Executor0,23850000
1781913923796,78000000,Executor0,78000000
1781913923885,8215025,Executor0,8215025
1781913924069,23850000,Executor0,23850000
1781913924796,78000000,Executor0,78000000
1781913924885,8215025,Executor0,8215025
1781913925069,23850000,Executor0,23850000
1781913925796,78000000,Executor0,78000000
1781913925885,8215025,Executor0,8215025
1781913926069,23850000,Executor0,23850000
